Address,USB0::0x2A8D::0x5001::MY58002415::0::INSTR,,,,,,,,,,,,,,,,
Model,DAQ970A,,,,,,,,,,,,,,,,
Serial Number:,MY58002415,,,,,,,,,,,,,,,,
Firmware Version,A.02.01-01.00-02.01-00.02-01.02-03-02,,,,,,,,,,,,,,,,
Start Time,2026-02-06 11:51:23.393,,,,,,,,,,,,,,,,
Stop Time,2026-02-06 11:53:06.562,,,,,,,,,,,,,,,,
Data Log Stopped,,,,,,,,,,,,,,,,,
,,,,,,,,,,,,,,,,,
Instrument Configuration,,,,,,,,,,,,,,,,,
Modules,5,Slot 0,SCD,Slot 1,DAQM900A,Slot 2,DAQM901A,Slot 4,DAQ970A Computed Channels,Slot 10,Virtual Digitizer Channels,,,,,,
Total Channels,1,,,,,,,,,,,,,,,,
,,,,,,,,,,,,,,,,,
Channel Configuration,,,,,,,,,,,,,,,,,
Channels,Name,Function,Range/Arg1,Res/Arg2,NPLC,Channel Delay (Seconds),Scale,Function,Gain (M),Offset (B),Label,Test,Low,High,Delta,After N,Alarm
101,RC_DCV,DC Voltage,Auto,5.5,1,0.0002,False,SCAL,1,0,,Off,0,0,None,1,None
,,,,,,,,,,,,,,,,,
Scan Control Configuration,,,,,,,,,,,,,,,,,
Start Data Logging,Immediately with Start Button,,,,,,,,,,,,,,,,
Scan Interval,00:00:00:00.100,,,,,,,,,,,,,,,,
Stop Data Logging,Immediately with Stop Button,,,,,,,,,,,,,,,,
,,,,,,,,,,,,,,,,,
Unstrained Infomation,,,,,,,,,,,,,,,,,
Channels,Offset,Units,,,,,,,,,,,,,,,
-,-,,,,,,,,,,,,,,,,
,,,,,,,,,,,,,,,,,
Calibration,,,,,,,,,,,,,,,,,
Calibration Date/Time:,12/4/2019 9:24:37 PM,,,,,,,,,,,,,,,,
Calibration Temperature:,32.70 ,,,,,,,,,,,,,,,,
,,,,,,,,,,,,,,,,,
Auto Calibration ,,,,,,,,,,,,,,,,,
ACAL Date/Time:,12/4/2019 9:10:47 PM,,,,,,,,,,,,,,,,
ACAL Temperature:,33.16 ,,,,,,,,,,,,,,,,
,,,,,,,,,,,,,,,,,
User Description,,,,,,,,,,,,,,,,,
,,,,,,,,,,,,,,,,,
,,,,,,,,,,,,,,,,,
Scan Sweep Time (Sec),Scan Number,101Time (Sec),101 (Vdc)- RC_DCV,,,,,,,,,,,,,,
2026-02-06 11:51:23.634,1,2026-02-06 11:51:23.634,0.0110195309,,,,,,,,,,,,,,
2026-02-06 11:51:23.729,2,2026-02-06 11:51:23.729,0.0111444167,,,,,,,,,,,,,,
2026-02-06 11:51:23.829,3,2026-02-06 11:51:23.829,0.0112752275,,,,,,,,,,,,,,
2026-02-06 11:51:23.929,4,2026-02-06 11:51:23.929,0.011406413,,,,,,,,,,,,,,
2026-02-06 11:51:24.029,5,2026-02-06 11:51:24.029,0.0115370918,,,,,,,,,,,,,,
2026-02-06 11:51:24.149,6,2026-02-06 11:51:24.149,0.0116937217,,,,,,,,,,,,,,
2026-02-06 11:51:24.229,7,2026-02-06 11:51:24.229,0.0117970243,,,,,,,,,,,,,,
2026-02-06 11:51:24.329,8,2026-02-06 11:51:24.329,0.0119262414,,,,,,,,,,,,,,
2026-02-06 11:51:24.429,9,2026-02-06 11:51:24.429,0.012055801,,,,,,,,,,,,,,
2026-02-06 11:51:24.529,10,2026-02-06 11:51:24.529,0.0121841111,,,,,,,,,,,,,,
2026-02-06 11:51:24.676,11,2026-02-06 11:51:24.676,0.0123724686,,,,,,,,,,,,,,
2026-02-06 11:51:24.729,12,2026-02-06 11:51:24.729,0.0124409762,,,,,,,,,,,,,,
2026-02-06 11:51:24.829,13,2026-02-06 11:51:24.829,0.0125685412,,,,,,,,,,,,,,
2026-02-06 11:51:24.995,14,2026-02-06 11:51:24.995,0.0127802324,,,,,,,,,,,,,,
2026-02-06 11:51:25.032,15,2026-02-06 11:51:25.032,0.0128267744,,,,,,,,,,,,,,
2026-02-06 11:51:25.129,16,2026-02-06 11:51:25.129,0.0129494214,,,,,,,,,,,,,,
2026-02-06 11:51:25.229,17,2026-02-06 11:51:25.229,0.0130755853,,,,,,,,,,,,,,
2026-02-06 11:51:25.329,18,2026-02-06 11:51:25.329,0.0132019878,,,,,,,,,,,,,,
2026-02-06 11:51:25.429,19,2026-02-06 11:51:25.429,0.0133272713,,,,,,,,,,,,,,
2026-02-06 11:51:25.630,20,2026-02-06 11:51:25.630,0.0135784069,,,,,,,,,,,,,,
2026-02-06 11:51:25.729,21,2026-02-06 11:51:25.729,0.0137024351,,,,,,,,,,,,,,
2026-02-06 11:51:25.829,22,2026-02-06 11:51:25.829,0.0138267582,,,,,,,,,,,,,,
2026-02-06 11:51:25.929,23,2026-02-06 11:51:25.929,0.0139508666,,,,,,,,,,,,,,
2026-02-06 11:51:26.089,24,2026-02-06 11:51:26.089,0.0141486073,,,,,,,,,,,,,,
2026-02-06 11:51:26.129,25,2026-02-06 11:51:26.129,0.0141975474,,,,,,,,,,,,,,
2026-02-06 11:51:26.229,26,2026-02-06 11:51:26.229,0.0143207449,,,,,,,,,,,,,,
2026-02-06 11:51:26.329,27,2026-02-06 11:51:26.329,0.0144437669,,,,,,,,,,,,,,
2026-02-06 11:51:26.429,28,2026-02-06 11:51:26.429,0.0145657601,,,,,,,,,,,,,,
2026-02-06 11:51:26.621,29,2026-02-06 11:51:26.621,0.0147998064,,,,,,,,,,,,,,
2026-02-06 11:51:26.657,30,2026-02-06 11:51:26.657,0.0148439637,,,,,,,,,,,,,,
2026-02-06 11:51:26.729,31,2026-02-06 11:51:26.729,0.014931108,,,,,,,,,,,,,,
2026-02-06 11:51:26.829,32,2026-02-06 11:51:26.829,0.0150521239,,,,,,,,,,,,,,
2026-02-06 11:51:26.929,33,2026-02-06 11:51:26.929,0.0151734681,,,,,,,,,,,,,,
2026-02-06 11:51:27.086,34,2026-02-06 11:51:27.086,0.0153621697,,,,,,,,,,,,,,
2026-02-06 11:51:27.148,35,2026-02-06 11:51:27.148,0.0154370005,,,,,,,,,,,,,,
2026-02-06 11:51:27.245,36,2026-02-06 11:51:27.245,0.0155533564,,,,,,,,,,,,,,
2026-02-06 11:51:27.329,37,2026-02-06 11:51:27.329,0.0156540479,,,,,,,,,,,,,,
2026-02-06 11:51:27.429,38,2026-02-06 11:51:27.429,0.0157730282,,,,,,,,,,,,,,
2026-02-06 11:51:27.529,39,2026-02-06 11:51:27.529,0.0158917567,,,,,,,,,,,,,,
2026-02-06 11:51:27.642,40,2026-02-06 11:51:27.642,0.0160258431,,,,,,,,,,,,,,
2026-02-06 11:51:27.729,41,2026-02-06 11:51:27.729,0.0161292204,,,,,,,,,,,,,,
2026-02-06 11:51:27.829,42,2026-02-06 11:51:27.829,0.0162477223,,,,,,,,,,,,,,
2026-02-06 11:51:27.929,43,2026-02-06 11:51:27.929,0.0163650553,,,,,,,,,,,,,,
2026-02-06 11:51:28.029,44,2026-02-06 11:51:28.029,0.0164823968,,,,,,,,,,,,,,
2026-02-06 11:51:28.147,45,2026-02-06 11:51:28.147,0.0617734163,,,,,,,,,,,,,,
2026-02-06 11:51:28.229,46,2026-02-06 11:51:28.229,0.0965831976,,,,,,,,,,,,,,
2026-02-06 11:51:28.333,47,2026-02-06 11:51:28.333,0.140021674,,,,,,,,,,,,,,
2026-02-06 11:51:28.429,48,2026-02-06 11:51:28.429,0.17967006,,,,,,,,,,,,,,
2026-02-06 11:51:28.529,49,2026-02-06 11:51:28.529,0.220823904,,,,,,,,,,,,,,
2026-02-06 11:51:28.629,50,2026-02-06 11:51:28.629,0.261691004,,,,,,,,,,,,,,
2026-02-06 11:51:28.729,51,2026-02-06 11:51:28.729,0.302356545,,,,,,,,,,,,,,
2026-02-06 11:51:28.829,52,2026-02-06 11:51:28.829,0.342810368,,,,,,,,,,,,,,
2026-02-06 11:51:28.929,53,2026-02-06 11:51:28.929,0.383045714,,,,,,,,,,,,,,
2026-02-06 11:51:29.118,54,2026-02-06 11:51:29.118,0.458630317,,,,,,,,,,,,,,
2026-02-06 11:51:29.155,55,2026-02-06 11:51:29.155,0.473159625,,,,,,,,,,,,,,
2026-02-06 11:51:29.229,56,2026-02-06 11:51:29.229,0.502558911,,,,,,,,,,,,,,
2026-02-06 11:51:29.329,57,2026-02-06 11:51:29.329,0.542008486,,,,,,,,,,,,,,
2026-02-06 11:51:29.429,58,2026-02-06 11:51:29.429,0.581292878,,,,,,,,,,,,,,
2026-02-06 11:51:29.572,59,2026-02-06 11:51:29.572,0.637173411,,,,,,,,,,,,,,
2026-02-06 11:51:29.629,60,2026-02-06 11:51:29.629,0.659270643,,,,,,,,,,,,,,
2026-02-06 11:51:29.729,61,2026-02-06 11:51:29.729,0.698003064,,,,,,,,,,,,,,
2026-02-06 11:51:29.829,62,2026-02-06 11:51:29.829,0.736546325,,,,,,,,,,,,,,
2026-02-06 11:51:29.929,63,2026-02-06 11:51:29.929,0.774922704,,,,,,,,,,,,,,
2026-02-06 11:51:30.029,64,2026-02-06 11:51:30.029,0.813140497,,,,,,,,,,,,,,
2026-02-06 11:51:30.150,65,2026-02-06 11:51:30.150,0.85904376,,,,,,,,,,,,,,
2026-02-06 11:51:30.229,66,2026-02-06 11:51:30.229,0.889054035,,,,,,,,,,,,,,
2026-02-06 11:51:30.329,67,2026-02-06 11:51:30.329,0.926763467,,,,,,,,,,,,,,
2026-02-06 11:51:30.429,68,2026-02-06 11:51:30.429,0.964300644,,,,,,,,,,,,,,
2026-02-06 11:51:30.529,69,2026-02-06 11:51:30.529,1.0016685,,,,,,,,,,,,,,
2026-02-06 11:51:30.629,70,2026-02-06 11:51:30.629,1.03888141,,,,,,,,,,,,,,
2026-02-06 11:51:30.729,71,2026-02-06 11:51:30.729,1.07593909,,,,,,,,,,,,,,
2026-02-06 11:51:30.829,72,2026-02-06 11:51:30.829,1.11281124,,,,,,,,,,,,,,
2026-02-06 11:51:30.929,73,2026-02-06 11:51:30.929,1.14954479,,,,,,,,,,,,,,
2026-02-06 11:51:31.138,74,2026-02-06 11:51:31.138,1.22554727,,,,,,,,,,,,,,
2026-02-06 11:51:31.223,75,2026-02-06 11:51:31.223,1.25658319,,,,,,,,,,,,,,
2026-02-06 11:51:31.260,76,2026-02-06 11:51:31.260,1.26978407,,,,,,,,,,,,,,
2026-02-06 11:51:31.329,77,2026-02-06 11:51:31.329,1.29492457,,,,,,,,,,,,,,
2026-02-06 11:51:31.429,78,2026-02-06 11:51:31.429,1.33088594,,,,,,,,,,,,,,
2026-02-06 11:51:31.644,79,2026-02-06 11:51:31.644,1.40757188,,,,,,,,,,,,,,
2026-02-06 11:51:31.729,80,2026-02-06 11:51:31.729,1.43787578,,,,,,,,,,,,,,
2026-02-06 11:51:31.829,81,2026-02-06 11:51:31.829,1.4732373,,,,,,,,,,,,,,
2026-02-06 11:51:31.929,82,2026-02-06 11:51:31.929,1.50842017,,,,,,,,,,,,,,
2026-02-06 11:51:32.116,83,2026-02-06 11:51:32.116,1.57365905,,,,,,,,,,,,,,
2026-02-06 11:51:32.152,84,2026-02-06 11:51:32.152,1.58638615,,,,,,,,,,,,,,
2026-02-06 11:51:32.229,85,2026-02-06 11:51:32.229,1.61317953,,,,,,,,,,,,,,
2026-02-06 11:51:32.329,86,2026-02-06 11:51:32.329,1.64780117,,,,,,,,,,,,,,
2026-02-06 11:51:32.429,87,2026-02-06 11:51:32.429,1.68228413,,,,,,,,,,,,,,
2026-02-06 11:51:32.529,88,2026-02-06 11:51:32.529,1.71661655,,,,,,,,,,,,,,
2026-02-06 11:51:32.680,89,2026-02-06 11:51:32.680,1.76815559,,,,,,,,,,,,,,
2026-02-06 11:51:32.747,90,2026-02-06 11:51:32.747,1.79071986,,,,,,,,,,,,,,
2026-02-06 11:51:32.829,91,2026-02-06 11:51:32.829,1.81877715,,,,,,,,,,,,,,
2026-02-06 11:51:32.929,92,2026-02-06 11:51:32.929,1.85255833,,,,,,,,,,,,,,
2026-02-06 11:51:33.066,93,2026-02-06 11:51:33.066,1.89828267,,,,,,,,,,,,,,
2026-02-06 11:51:33.129,94,2026-02-06 11:51:33.129,1.91967106,,,,,,,,,,,,,,
2026-02-06 11:51:33.229,95,2026-02-06 11:51:33.229,1.95301628,,,,,,,,,,,,,,
2026-02-06 11:51:33.329,96,2026-02-06 11:51:33.329,1.98622532,,,,,,,,,,,,,,
2026-02-06 11:51:33.429,97,2026-02-06 11:51:33.429,2.01929892,,,,,,,,,,,,,,
2026-02-06 11:51:33.570,98,2026-02-06 11:51:33.570,2.06561953,,,,,,,,,,,,,,
2026-02-06 11:51:33.633,99,2026-02-06 11:51:33.633,2.08609558,,,,,,,,,,,,,,
2026-02-06 11:51:33.729,100,2026-02-06 11:51:33.729,2.11772345,,,,,,,,,,,,,,
2026-02-06 11:51:33.829,101,2026-02-06 11:51:33.829,2.15027237,,,,,,,,,,,,,,
2026-02-06 11:51:33.930,102,2026-02-06 11:51:33.930,2.18268205,,,,,,,,,,,,,,
2026-02-06 11:51:34.030,103,2026-02-06 11:51:34.030,2.21494683,,,,,,,,,,,,,,
2026-02-06 11:51:34.157,104,2026-02-06 11:51:34.157,2.25603373,,,,,,,,,,,,,,
2026-02-06 11:51:34.230,105,2026-02-06 11:51:34.230,2.27909021,,,,,,,,,,,,,,
2026-02-06 11:51:34.330,106,2026-02-06 11:51:34.330,2.31096956,,,,,,,,,,,,,,
2026-02-06 11:51:34.430,107,2026-02-06 11:51:34.430,2.34271278,,,,,,,,,,,,,,
2026-02-06 11:51:34.530,108,2026-02-06 11:51:34.530,2.37433056,,,,,,,,,,,,,,
2026-02-06 11:51:34.688,109,2026-02-06 11:51:34.688,2.42410696,,,,,,,,,,,,,,
2026-02-06 11:51:34.730,110,2026-02-06 11:51:34.730,2.43716163,,,,,,,,,,,,,,
2026-02-06 11:51:34.830,111,2026-02-06 11:51:34.830,2.46839355,,,,,,,,,,,,,,
2026-02-06 11:51:34.930,112,2026-02-06 11:51:34.930,2.49948272,,,,,,,,,,,,,,
2026-02-06 11:51:35.030,113,2026-02-06 11:51:35.030,2.53045916,,,,,,,,,,,,,,
2026-02-06 11:51:35.133,114,2026-02-06 11:51:35.133,2.56243743,,,,,,,,,,,,,,
2026-02-06 11:51:35.230,115,2026-02-06 11:51:35.230,2.59203246,,,,,,,,,,,,,,
2026-02-06 11:51:35.330,116,2026-02-06 11:51:35.330,2.62262826,,,,,,,,,,,,,,
2026-02-06 11:51:35.430,117,2026-02-06 11:51:35.430,2.65309837,,,,,,,,,,,,,,
2026-02-06 11:51:35.530,118,2026-02-06 11:51:35.530,2.68345235,,,,,,,,,,,,,,
2026-02-06 11:51:35.693,119,2026-02-06 11:51:35.693,2.7328719,,,,,,,,,,,,,,
2026-02-06 11:51:35.751,120,2026-02-06 11:51:35.751,2.75032752,,,,,,,,,,,,,,
2026-02-06 11:51:35.848,121,2026-02-06 11:51:35.848,2.77925696,,,,,,,,,,,,,,
2026-02-06 11:51:35.930,122,2026-02-06 11:51:35.930,2.80363373,,,,,,,,,,,,,,
2026-02-06 11:51:36.069,123,2026-02-06 11:51:36.069,2.84498838,,,,,,,,,,,,,,
2026-02-06 11:51:36.130,124,2026-02-06 11:51:36.130,2.86298514,,,,,,,,,,,,,,
2026-02-06 11:51:36.230,125,2026-02-06 11:51:36.230,2.8924838,,,,,,,,,,,,,,
2026-02-06 11:51:36.330,126,2026-02-06 11:51:36.330,2.92184689,,,,,,,,,,,,,,
2026-02-06 11:51:36.430,127,2026-02-06 11:51:36.430,2.95110417,,,,,,,,,,,,,,
2026-02-06 11:51:36.614,128,2026-02-06 11:51:36.614,3.00471844,,,,,,,,,,,,,,
2026-02-06 11:51:36.650,129,2026-02-06 11:51:36.650,3.01529209,,,,,,,,,,,,,,
2026-02-06 11:51:36.730,130,2026-02-06 11:51:36.730,3.03817535,,,,,,,,,,,,,,
2026-02-06 11:51:36.830,131,2026-02-06 11:51:36.830,3.06696271,,,,,,,,,,,,,,
2026-02-06 11:51:36.930,132,2026-02-06 11:51:36.930,3.09563059,,,,,,,,,,,,,,
2026-02-06 11:51:37.030,133,2026-02-06 11:51:37.030,3.12419735,,,,,,,,,,,,,,
2026-02-06 11:51:37.240,134,2026-02-06 11:51:37.240,3.18392248,,,,,,,,,,,,,,
2026-02-06 11:51:37.330,135,2026-02-06 11:51:37.330,3.20918532,,,,,,,,,,,,,,
2026-02-06 11:51:37.430,136,2026-02-06 11:51:37.430,3.2372755,,,,,,,,,,,,,,
2026-02-06 11:51:37.530,137,2026-02-06 11:51:37.530,3.2652614,,,,,,,,,,,,,,
2026-02-06 11:51:37.630,138,2026-02-06 11:51:37.630,3.29313306,,,,,,,,,,,,,,
2026-02-06 11:51:37.767,139,2026-02-06 11:51:37.767,3.3312089,,,,,,,,,,,,,,
2026-02-06 11:51:37.830,140,2026-02-06 11:51:37.830,3.34853172,,,,,,,,,,,,,,
2026-02-06 11:51:37.930,141,2026-02-06 11:51:37.930,3.37606735,,,,,,,,,,,,,,
2026-02-06 11:51:38.088,142,2026-02-06 11:51:38.088,3.41936588,,,,,,,,,,,,,,
2026-02-06 11:51:38.130,143,2026-02-06 11:51:38.130,3.43079257,,,,,,,,,,,,,,
2026-02-06 11:51:38.230,144,2026-02-06 11:51:38.230,3.45799403,,,,,,,,,,,,,,
2026-02-06 11:51:38.390,145,2026-02-06 11:51:38.390,3.50127647,,,,,,,,,,,,,,
2026-02-06 11:51:38.430,146,2026-02-06 11:51:38.430,3.51206926,,,,,,,,,,,,,,
2026-02-06 11:51:38.530,147,2026-02-06 11:51:38.530,3.53894086,,,,,,,,,,,,,,
2026-02-06 11:51:38.713,148,2026-02-06 11:51:38.713,3.58792579,,,,,,,,,,,,,,
2026-02-06 11:51:38.750,149,2026-02-06 11:51:38.750,3.59764845,,,,,,,,,,,,,,
2026-02-06 11:51:38.830,150,2026-02-06 11:51:38.830,3.61891593,,,,,,,,,,,,,,
2026-02-06 11:51:38.930,151,2026-02-06 11:51:38.930,3.64537045,,,,,,,,,,,,,,
2026-02-06 11:51:39.030,152,2026-02-06 11:51:39.030,3.67170956,,,,,,,,,,,,,,
2026-02-06 11:51:39.141,153,2026-02-06 11:51:39.141,3.70095256,,,,,,,,,,,,,,
2026-02-06 11:51:39.230,154,2026-02-06 11:51:39.230,3.72405545,,,,,,,,,,,,,,
2026-02-06 11:51:39.330,155,2026-02-06 11:51:39.330,3.75007128,,,,,,,,,,,,,,
2026-02-06 11:51:39.430,156,2026-02-06 11:51:39.430,3.77598459,,,,,,,,,,,,,,
2026-02-06 11:51:39.530,157,2026-02-06 11:51:39.530,3.80179953,,,,,,,,,,,,,,
2026-02-06 11:51:39.713,158,2026-02-06 11:51:39.713,3.84885247,,,,,,,,,,,,,,
2026-02-06 11:51:39.750,159,2026-02-06 11:51:39.750,3.85818215,,,,,,,,,,,,,,
2026-02-06 11:51:39.830,160,2026-02-06 11:51:39.830,3.87861143,,,,,,,,,,,,,,
2026-02-06 11:51:39.930,161,2026-02-06 11:51:39.930,3.90400919,,,,,,,,,,,,,,
2026-02-06 11:51:40.030,162,2026-02-06 11:51:40.030,3.92931795,,,,,,,,,,,,,,
2026-02-06 11:51:40.184,163,2026-02-06 11:51:40.184,3.96808493,,,,,,,,,,,,,,
2026-02-06 11:51:40.230,164,2026-02-06 11:51:40.230,3.97959253,,,,,,,,,,,,,,
2026-02-06 11:51:40.330,165,2026-02-06 11:51:40.330,4.00459596,,,,,,,,,,,,,,
2026-02-06 11:51:40.430,166,2026-02-06 11:51:40.430,4.02948485,,,,,,,,,,,,,,
2026-02-06 11:51:40.637,167,2026-02-06 11:51:40.637,4.08074444,,,,,,,,,,,,,,
2026-02-06 11:51:40.730,168,2026-02-06 11:51:40.730,4.10358777,,,,,,,,,,,,,,
2026-02-06 11:51:40.840,169,2026-02-06 11:51:40.840,4.13050438,,,,,,,,,,,,,,
2026-02-06 11:51:40.930,170,2026-02-06 11:51:40.930,4.15248275,,,,,,,,,,,,,,
2026-02-06 11:51:41.030,171,2026-02-06 11:51:41.030,4.17678791,,,,,,,,,,,,,,
2026-02-06 11:51:41.184,172,2026-02-06 11:51:41.184,4.21404216,,,,,,,,,,,,,,
2026-02-06 11:51:41.230,173,2026-02-06 11:51:41.230,4.2250973,,,,,,,,,,,,,,
2026-02-06 11:51:41.330,174,2026-02-06 11:51:41.330,4.24911384,,,,,,,,,,,,,,
2026-02-06 11:51:41.448,175,2026-02-06 11:51:41.448,4.27722481,,,,,,,,,,,,,,
2026-02-06 11:51:41.530,176,2026-02-06 11:51:41.530,4.29683365,,,,,,,,,,,,,,
2026-02-06 11:51:41.630,177,2026-02-06 11:51:41.630,4.32055379,,,,,,,,,,,,,,
2026-02-06 11:51:41.730,178,2026-02-06 11:51:41.730,4.34420387,,,,,,,,,,,,,,
2026-02-06 11:51:41.830,179,2026-02-06 11:51:41.830,4.36773134,,,,,,,,,,,,,,
2026-02-06 11:51:41.930,180,2026-02-06 11:51:41.930,4.39117255,,,,,,,,,,,,,,
2026-02-06 11:51:42.030,181,2026-02-06 11:51:42.030,4.41452249,,,,,,,,,,,,,,
2026-02-06 11:51:42.130,182,2026-02-06 11:51:42.130,4.43776949,,,,,,,,,,,,,,
2026-02-06 11:51:42.230,183,2026-02-06 11:51:42.230,4.46093232,,,,,,,,,,,,,,
2026-02-06 11:51:42.330,184,2026-02-06 11:51:42.330,4.48400264,,,,,,,,,,,,,,
2026-02-06 11:51:42.430,185,2026-02-06 11:51:42.430,4.50697752,,,,,,,,,,,,,,
2026-02-06 11:51:42.530,186,2026-02-06 11:51:42.530,4.5298664,,,,,,,,,,,,,,
2026-02-06 11:51:42.630,187,2026-02-06 11:51:42.630,4.55266042,,,,,,,,,,,,,,
2026-02-06 11:51:42.781,188,2026-02-06 11:51:42.781,4.58682371,,,,,,,,,,,,,,
2026-02-06 11:51:42.830,189,2026-02-06 11:51:42.830,4.59796424,,,,,,,,,,,,,,
2026-02-06 11:51:42.930,190,2026-02-06 11:51:42.930,4.62054973,,,,,,,,,,,,,,
2026-02-06 11:51:43.059,191,2026-02-06 11:51:43.059,4.64930653,,,,,,,,,,,,,,
2026-02-06 11:51:43.132,192,2026-02-06 11:51:43.132,4.66568232,,,,,,,,,,,,,,
2026-02-06 11:51:43.230,193,2026-02-06 11:51:43.230,4.68753342,,,,,,,,,,,,,,
2026-02-06 11:51:43.330,194,2026-02-06 11:51:43.330,4.70969475,,,,,,,,,,,,,,
2026-02-06 11:51:43.454,195,2026-02-06 11:51:43.454,4.7371413,,,,,,,,,,,,,,
2026-02-06 11:51:43.530,196,2026-02-06 11:51:43.530,4.75375486,,,,,,,,,,,,,,
2026-02-06 11:51:43.630,197,2026-02-06 11:51:43.630,4.7756586,,,,,,,,,,,,,,
2026-02-06 11:51:43.730,198,2026-02-06 11:51:43.730,4.7974753,,,,,,,,,,,,,,
2026-02-06 11:51:43.830,199,2026-02-06 11:51:43.830,4.81919427,,,,,,,,,,,,,,
2026-02-06 11:51:43.930,200,2026-02-06 11:51:43.930,4.84083309,,,,,,,,,,,,,,
2026-02-06 11:51:44.030,201,2026-02-06 11:51:44.030,4.86237987,,,,,,,,,,,,,,
2026-02-06 11:51:44.204,202,2026-02-06 11:51:44.204,4.8997409,,,,,,,,,,,,,,
2026-02-06 11:51:44.241,203,2026-02-06 11:51:44.241,4.90754797,,,,,,,,,,,,,,
2026-02-06 11:51:44.330,204,2026-02-06 11:51:44.330,4.92652857,,,,,,,,,,,,,,
2026-02-06 11:51:44.430,205,2026-02-06 11:51:44.430,4.94774346,,,,,,,,,,,,,,
2026-02-06 11:51:44.530,206,2026-02-06 11:51:44.530,4.9688736,,,,,,,,,,,,,,
2026-02-06 11:51:44.630,207,2026-02-06 11:51:44.630,4.98993105,,,,,,,,,,,,,,
2026-02-06 11:51:44.750,208,2026-02-06 11:51:44.750,5.01500862,,,,,,,,,,,,,,
2026-02-06 11:51:44.830,209,2026-02-06 11:51:44.830,5.031768,,,,,,,,,,,,,,
2026-02-06 11:51:44.930,210,2026-02-06 11:51:44.930,5.05256847,,,,,,,,,,,,,,
2026-02-06 11:51:45.030,211,2026-02-06 11:51:45.030,5.07327607,,,,,,,,,,,,,,
2026-02-06 11:51:45.185,212,2026-02-06 11:51:45.185,5.10513535,,,,,,,,,,,,,,
2026-02-06 11:51:45.230,213,2026-02-06 11:51:45.230,5.11444894,,,,,,,,,,,,,,
2026-02-06 11:51:45.330,214,2026-02-06 11:51:45.330,5.13491606,,,,,,,,,,,,,,
2026-02-06 11:51:45.467,215,2026-02-06 11:51:45.467,5.16271453,,,,,,,,,,,,,,
2026-02-06 11:51:45.530,216,2026-02-06 11:51:45.530,5.17560275,,,,,,,,,,,,,,
2026-02-06 11:51:45.630,217,2026-02-06 11:51:45.630,5.19584051,,,,,,,,,,,,,,
2026-02-06 11:51:45.730,218,2026-02-06 11:51:45.730,5.21598642,,,,,,,,,,,,,,
2026-02-06 11:51:45.830,219,2026-02-06 11:51:45.830,5.23604266,,,,,,,,,,,,,,
2026-02-06 11:51:45.930,220,2026-02-06 11:51:45.930,5.25602546,,,,,,,,,,,,,,
2026-02-06 11:51:46.030,221,2026-02-06 11:51:46.030,5.27593557,,,,,,,,,,,,,,
2026-02-06 11:51:46.153,222,2026-02-06 11:51:46.153,5.30034027,,,,,,,,,,,,,,
2026-02-06 11:51:46.230,223,2026-02-06 11:51:46.230,5.31550826,,,,,,,,,,,,,,
2026-02-06 11:51:46.330,224,2026-02-06 11:51:46.330,5.33518076,,,,,,,,,,,,,,
2026-02-06 11:51:46.430,225,2026-02-06 11:51:46.430,5.35477286,,,,,,,,,,,,,,
2026-02-06 11:51:46.530,226,2026-02-06 11:51:46.530,5.37428667,,,,,,,,,,,,,,
2026-02-06 11:51:46.630,227,2026-02-06 11:51:46.630,5.39372998,,,,,,,,,,,,,,
2026-02-06 11:51:46.730,228,2026-02-06 11:51:46.730,5.41310432,,,,,,,,,,,,,,
2026-02-06 11:51:46.830,229,2026-02-06 11:51:46.830,5.43237374,,,,,,,,,,,,,,
2026-02-06 11:51:46.930,230,2026-02-06 11:51:46.930,5.45158678,,,,,,,,,,,,,,
2026-02-06 11:51:47.030,231,2026-02-06 11:51:47.030,5.47072012,,,,,,,,,,,,,,
2026-02-06 11:51:47.130,232,2026-02-06 11:51:47.130,5.48978451,,,,,,,,,,,,,,
2026-02-06 11:51:47.269,233,2026-02-06 11:51:47.269,5.51609545,,,,,,,,,,,,,,
2026-02-06 11:51:47.330,234,2026-02-06 11:51:47.330,5.52768823,,,,,,,,,,,,,,
2026-02-06 11:51:47.430,235,2026-02-06 11:51:47.430,5.54652066,,,,,,,,,,,,,,
2026-02-06 11:51:47.530,236,2026-02-06 11:51:47.530,5.5652776,,,,,,,,,,,,,,
2026-02-06 11:51:47.630,237,2026-02-06 11:51:47.630,5.58395988,,,,,,,,,,,,,,
2026-02-06 11:51:47.763,238,2026-02-06 11:51:47.763,5.60857305,,,,,,,,,,,,,,
2026-02-06 11:51:47.830,239,2026-02-06 11:51:47.830,5.62109698,,,,,,,,,,,,,,
2026-02-06 11:51:47.930,240,2026-02-06 11:51:47.930,5.63956029,,,,,,,,,,,,,,
2026-02-06 11:51:48.030,241,2026-02-06 11:51:48.030,5.65795112,,,,,,,,,,,,,,
2026-02-06 11:51:48.130,242,2026-02-06 11:51:48.130,5.67626773,,,,,,,,,,,,,,
2026-02-06 11:51:48.316,243,2026-02-06 11:51:48.316,5.7101723,,,,,,,,,,,,,,
2026-02-06 11:51:48.353,244,2026-02-06 11:51:48.353,5.71680791,,,,,,,,,,,,,,
2026-02-06 11:51:48.430,245,2026-02-06 11:51:48.430,5.73077965,,,,,,,,,,,,,,
2026-02-06 11:51:48.530,246,2026-02-06 11:51:48.530,5.74880668,,,,,,,,,,,,,,
2026-02-06 11:51:48.630,247,2026-02-06 11:51:48.630,5.76675737,,,,,,,,,,,,,,
2026-02-06 11:51:48.781,248,2026-02-06 11:51:48.781,5.79366915,,,,,,,,,,,,,,
2026-02-06 11:51:48.843,249,2026-02-06 11:51:48.843,5.8047573,,,,,,,,,,,,,,
2026-02-06 11:51:48.930,250,2026-02-06 11:51:48.930,5.82020997,,,,,,,,,,,,,,
2026-02-06 11:51:49.030,251,2026-02-06 11:51:49.030,5.83787856,,,,,,,,,,,,,,
2026-02-06 11:51:49.130,252,2026-02-06 11:51:49.130,5.85547633,,,,,,,,,,,,,,
2026-02-06 11:51:49.248,253,2026-02-06 11:51:49.248,5.8761661,,,,,,,,,,,,,,
2026-02-06 11:51:49.330,254,2026-02-06 11:51:49.330,5.89046223,,,,,,,,,,,,,,
2026-02-06 11:51:49.430,255,2026-02-06 11:51:49.430,5.90785971,,,,,,,,,,,,,,
2026-02-06 11:51:49.530,256,2026-02-06 11:51:49.530,5.92518417,,,,,,,,,,,,,,
2026-02-06 11:51:49.630,257,2026-02-06 11:51:49.630,5.94244327,,,,,,,,,,,,,,
2026-02-06 11:51:49.752,258,2026-02-06 11:51:49.752,5.96341243,,,,,,,,,,,,,,
2026-02-06 11:51:49.831,259,2026-02-06 11:51:49.831,5.97676094,,,,,,,,,,,,,,
2026-02-06 11:51:49.930,260,2026-02-06 11:51:49.930,5.99380431,,,,,,,,,,,,,,
2026-02-06 11:51:50.031,261,2026-02-06 11:51:50.031,6.01079503,,,,,,,,,,,,,,
2026-02-06 11:51:50.130,262,2026-02-06 11:51:50.130,6.02770885,,,,,,,,,,,,,,
2026-02-06 11:51:50.230,263,2026-02-06 11:51:50.230,6.04455997,,,,,,,,,,,,,,
2026-02-06 11:51:50.331,264,2026-02-06 11:51:50.331,6.06134451,,,,,,,,,,,,,,
2026-02-06 11:51:50.431,265,2026-02-06 11:51:50.431,6.07806606,,,,,,,,,,,,,,
2026-02-06 11:51:50.531,266,2026-02-06 11:51:50.531,6.09471545,,,,,,,,,,,,,,
2026-02-06 11:51:50.690,267,2026-02-06 11:51:50.690,6.1211047,,,,,,,,,,,,,,
2026-02-06 11:51:50.730,268,2026-02-06 11:51:50.730,6.12781353,,,,,,,,,,,,,,
2026-02-06 11:51:50.844,269,2026-02-06 11:51:50.844,6.14653982,,,,,,,,,,,,,,
2026-02-06 11:51:50.930,270,2026-02-06 11:51:50.930,6.16066005,,,,,,,,,,,,,,
2026-02-06 11:51:51.031,271,2026-02-06 11:51:51.031,6.17698737,,,,,,,,,,,,,,
2026-02-06 11:51:51.225,272,2026-02-06 11:51:51.225,6.2085047,,,,,,,,,,,,,,
2026-02-06 11:51:51.261,273,2026-02-06 11:51:51.261,6.21440807,,,,,,,,,,,,,,
2026-02-06 11:51:51.331,274,2026-02-06 11:51:51.331,6.2255875,,,,,,,,,,,,,,
2026-02-06 11:51:51.507,275,2026-02-06 11:51:51.507,6.25388442,,,,,,,,,,,,,,
2026-02-06 11:51:51.550,276,2026-02-06 11:51:51.550,6.2607275,,,,,,,,,,,,,,
2026-02-06 11:51:51.631,277,2026-02-06 11:51:51.631,6.27362479,,,,,,,,,,,,,,
2026-02-06 11:51:51.731,278,2026-02-06 11:51:51.731,6.28950267,,,,,,,,,,,,,,
2026-02-06 11:51:51.831,279,2026-02-06 11:51:51.831,6.30531847,,,,,,,,,,,,,,
2026-02-06 11:51:51.931,280,2026-02-06 11:51:51.931,6.32107799,,,,,,,,,,,,,,
2026-02-06 11:51:52.031,281,2026-02-06 11:51:52.031,6.33677167,,,,,,,,,,,,,,
2026-02-06 11:51:52.131,282,2026-02-06 11:51:52.131,6.352404,,,,,,,,,,,,,,
2026-02-06 11:51:52.231,283,2026-02-06 11:51:52.231,6.36797257,,,,,,,,,,,,,,
2026-02-06 11:51:52.331,284,2026-02-06 11:51:52.331,6.3834862,,,,,,,,,,,,,,
2026-02-06 11:51:52.435,285,2026-02-06 11:51:52.435,6.39952969,,,,,,,,,,,,,,
2026-02-06 11:51:52.531,286,2026-02-06 11:51:52.531,6.41431333,,,,,,,,,,,,,,
2026-02-06 11:51:52.631,287,2026-02-06 11:51:52.631,6.42963914,,,,,,,,,,,,,,
2026-02-06 11:51:52.787,288,2026-02-06 11:51:52.787,6.45351078,,,,,,,,,,,,,,
2026-02-06 11:51:52.831,289,2026-02-06 11:51:52.831,6.46012181,,,,,,,,,,,,,,
2026-02-06 11:51:52.931,290,2026-02-06 11:51:52.931,6.47526904,,,,,,,,,,,,,,
2026-02-06 11:51:53.031,291,2026-02-06 11:51:53.031,6.4903593,,,,,,,,,,,,,,
2026-02-06 11:51:53.131,292,2026-02-06 11:51:53.131,6.5053836,,,,,,,,,,,,,,
2026-02-06 11:51:53.262,293,2026-02-06 11:51:53.262,6.52509433,,,,,,,,,,,,,,
2026-02-06 11:51:53.331,294,2026-02-06 11:51:53.331,6.53527048,,,,,,,,,,,,,,
2026-02-06 11:51:53.431,295,2026-02-06 11:51:53.431,6.55012445,,,,,,,,,,,,,,
2026-02-06 11:51:53.531,296,2026-02-06 11:51:53.531,6.56492029,,,,,,,,,,,,,,
2026-02-06 11:51:53.631,297,2026-02-06 11:51:53.631,6.57965712,,,,,,,,,,,,,,
2026-02-06 11:51:53.731,298,2026-02-06 11:51:53.731,6.59433609,,,,,,,,,,,,,,
2026-02-06 11:51:53.897,299,2026-02-06 11:51:53.897,6.61863868,,,,,,,,,,,,,,
2026-02-06 11:51:53.934,300,2026-02-06 11:51:53.934,6.62395786,,,,,,,,,,,,,,
2026-02-06 11:51:54.031,301,2026-02-06 11:51:54.031,6.63801705,,,,,,,,,,,,,,
2026-02-06 11:51:54.181,302,2026-02-06 11:51:54.181,6.65970697,,,,,,,,,,,,,,
2026-02-06 11:51:54.231,303,2026-02-06 11:51:54.231,6.66685898,,,,,,,,,,,,,,
2026-02-06 11:51:54.331,304,2026-02-06 11:51:54.331,6.68119842,,,,,,,,,,,,,,
2026-02-06 11:51:54.482,305,2026-02-06 11:51:54.482,6.70277078,,,,,,,,,,,,,,
2026-02-06 11:51:54.531,306,2026-02-06 11:51:54.531,6.70969914,,,,,,,,,,,,,,
2026-02-06 11:51:54.631,307,2026-02-06 11:51:54.631,6.72386262,,,,,,,,,,,,,,
2026-02-06 11:51:54.744,308,2026-02-06 11:51:54.744,6.73981232,,,,,,,,,,,,,,
2026-02-06 11:51:54.831,309,2026-02-06 11:51:54.831,6.75201856,,,,,,,,,,,,,,
2026-02-06 11:51:54.931,310,2026-02-06 11:51:54.931,6.76602145,,,,,,,,,,,,,,
2026-02-06 11:51:55.031,311,2026-02-06 11:51:55.031,6.77996963,,,,,,,,,,,,,,
2026-02-06 11:51:55.131,312,2026-02-06 11:51:55.131,6.79385587,,,,,,,,,,,,,,
2026-02-06 11:51:55.231,313,2026-02-06 11:51:55.231,6.80769011,,,,,,,,,,,,,,
2026-02-06 11:51:55.331,314,2026-02-06 11:51:55.331,6.82147585,,,,,,,,,,,,,,
2026-02-06 11:51:55.431,315,2026-02-06 11:51:55.431,6.83519978,,,,,,,,,,,,,,
2026-02-06 11:51:55.531,316,2026-02-06 11:51:55.531,6.84886626,,,,,,,,,,,,,,
2026-02-06 11:51:55.631,317,2026-02-06 11:51:55.631,6.86248474,,,,,,,,,,,,,,
2026-02-06 11:51:55.731,318,2026-02-06 11:51:55.731,6.87605307,,,,,,,,,,,,,,
2026-02-06 11:51:55.914,319,2026-02-06 11:51:55.914,6.90077112,,,,,,,,,,,,,,
2026-02-06 11:51:55.951,320,2026-02-06 11:51:55.951,6.90568111,,,,,,,,,,,,,,
2026-02-06 11:51:56.034,321,2026-02-06 11:51:56.034,6.91680386,,,,,,,,,,,,,,
2026-02-06 11:51:56.131,322,2026-02-06 11:51:56.131,6.92978803,,,,,,,,,,,,,,
2026-02-06 11:51:56.231,323,2026-02-06 11:51:56.231,6.94309355,,,,,,,,,,,,,,
2026-02-06 11:51:56.331,324,2026-02-06 11:51:56.331,6.95634381,,,,,,,,,,,,,,
2026-02-06 11:51:56.431,325,2026-02-06 11:51:56.431,6.96953755,,,,,,,,,,,,,,
2026-02-06 11:51:56.566,326,2026-02-06 11:51:56.566,6.98731201,,,,,,,,,,,,,,
2026-02-06 11:51:56.631,327,2026-02-06 11:51:56.631,6.99578487,,,,,,,,,,,,,,
2026-02-06 11:51:56.731,328,2026-02-06 11:51:56.731,7.00882868,,,,,,,,,,,,,,
2026-02-06 11:51:56.888,329,2026-02-06 11:51:56.888,7.02926193,,,,,,,,,,,,,,
2026-02-06 11:51:56.931,330,2026-02-06 11:51:56.931,7.03476135,,,,,,,,,,,,,,
2026-02-06 11:51:57.031,331,2026-02-06 11:51:57.031,7.04765604,,,,,,,,,,,,,,
2026-02-06 11:51:57.131,332,2026-02-06 11:51:57.131,7.0604938,,,,,,,,,,,,,,
2026-02-06 11:51:57.231,333,2026-02-06 11:51:57.231,7.07328205,,,,,,,,,,,,,,
2026-02-06 11:51:57.331,334,2026-02-06 11:51:57.331,7.08602596,,,,,,,,,,,,,,
2026-02-06 11:51:57.431,335,2026-02-06 11:51:57.431,7.09872273,,,,,,,,,,,,,,
2026-02-06 11:51:57.560,336,2026-02-06 11:51:57.560,7.11506293,,,,,,,,,,,,,,
2026-02-06 11:51:57.631,337,2026-02-06 11:51:57.631,7.12395691,,,,,,,,,,,,,,
2026-02-06 11:51:57.731,338,2026-02-06 11:51:57.731,7.1365017,,,,,,,,,,,,,,
2026-02-06 11:51:57.882,339,2026-02-06 11:51:57.882,7.15535913,,,,,,,,,,,,,,
2026-02-06 11:51:57.931,340,2026-02-06 11:51:57.931,7.16143868,,,,,,,,,,,,,,
2026-02-06 11:51:58.031,341,2026-02-06 11:51:58.031,7.17382927,,,,,,,,,,,,,,
2026-02-06 11:51:58.131,342,2026-02-06 11:51:58.131,7.18618068,,,,,,,,,,,,,,
2026-02-06 11:51:58.231,343,2026-02-06 11:51:58.231,7.19847668,,,,,,,,,,,,,,
2026-02-06 11:51:58.331,344,2026-02-06 11:51:58.331,7.21072482,,,,,,,,,,,,,,
2026-02-06 11:51:58.431,345,2026-02-06 11:51:58.431,7.22293879,,,,,,,,,,,,,,
2026-02-06 11:51:58.531,346,2026-02-06 11:51:58.531,7.23508342,,,,,,,,,,,,,,
2026-02-06 11:51:58.631,347,2026-02-06 11:51:58.631,7.24719449,,,,,,,,,,,,,,
2026-02-06 11:51:58.818,348,2026-02-06 11:51:58.818,7.26970944,,,,,,,,,,,,,,
2026-02-06 11:51:58.855,349,2026-02-06 11:51:58.855,7.27409293,,,,,,,,,,,,,,
2026-02-06 11:51:58.931,350,2026-02-06 11:51:58.931,7.28323201,,,,,,,,,,,,,,
2026-02-06 11:51:59.031,351,2026-02-06 11:51:59.031,7.29514947,,,,,,,,,,,,,,
2026-02-06 11:51:59.131,352,2026-02-06 11:51:59.131,7.30702552,,,,,,,,,,,,,,
2026-02-06 11:51:59.231,353,2026-02-06 11:51:59.231,7.31884776,,,,,,,,,,,,,,
2026-02-06 11:51:59.331,354,2026-02-06 11:51:59.331,7.33062686,,,,,,,,,,,,,,
2026-02-06 11:51:59.431,355,2026-02-06 11:51:59.431,7.3423623,,,,,,,,,,,,,,
2026-02-06 11:51:59.648,356,2026-02-06 11:51:59.648,7.36772594,,,,,,,,,,,,,,
2026-02-06 11:51:59.731,357,2026-02-06 11:51:59.731,7.37728981,,,,,,,,,,,,,,
2026-02-06 11:51:59.831,358,2026-02-06 11:51:59.831,7.38884708,,,,,,,,,,,,,,
2026-02-06 11:51:59.931,359,2026-02-06 11:51:59.931,7.40035398,,,,,,,,,,,,,,
2026-02-06 11:52:00.031,360,2026-02-06 11:52:00.031,7.41181939,,,,,,,,,,,,,,
2026-02-06 11:52:00.131,361,2026-02-06 11:52:00.131,7.42324037,,,,,,,,,,,,,,
2026-02-06 11:52:00.231,362,2026-02-06 11:52:00.231,7.43461404,,,,,,,,,,,,,,
2026-02-06 11:52:00.331,363,2026-02-06 11:52:00.331,7.44594574,,,,,,,,,,,,,,
2026-02-06 11:52:00.431,364,2026-02-06 11:52:00.431,7.45723726,,,,,,,,,,,,,,
2026-02-06 11:52:00.560,365,2026-02-06 11:52:00.560,7.47174906,,,,,,,,,,,,,,
2026-02-06 11:52:00.631,366,2026-02-06 11:52:00.631,7.4796796,,,,,,,,,,,,,,
2026-02-06 11:52:00.731,367,2026-02-06 11:52:00.731,7.49084021,,,,,,,,,,,,,,
2026-02-06 11:52:00.837,368,2026-02-06 11:52:00.837,7.50258825,,,,,,,,,,,,,,
2026-02-06 11:52:00.950,369,2026-02-06 11:52:00.950,7.51512724,,,,,,,,,,,,,,
2026-02-06 11:52:01.031,370,2026-02-06 11:52:01.031,7.52405447,,,,,,,,,,,,,,
2026-02-06 11:52:01.131,371,2026-02-06 11:52:01.131,7.53503438,,,,,,,,,,,,,,
2026-02-06 11:52:01.231,372,2026-02-06 11:52:01.231,7.54597855,,,,,,,,,,,,,,
2026-02-06 11:52:01.331,373,2026-02-06 11:52:01.331,7.55687506,,,,,,,,,,,,,,
2026-02-06 11:52:01.432,374,2026-02-06 11:52:01.432,7.567814,,,,,,,,,,,,,,
2026-02-06 11:52:01.531,375,2026-02-06 11:52:01.531,7.57854227,,,,,,,,,,,,,,
2026-02-06 11:52:01.631,376,2026-02-06 11:52:01.631,7.5893143,,,,,,,,,,,,,,
2026-02-06 11:52:01.731,377,2026-02-06 11:52:01.731,7.60004123,,,,,,,,,,,,,,
2026-02-06 11:52:01.940,378,2026-02-06 11:52:01.940,7.62228737,,,,,,,,,,,,,,
2026-02-06 11:52:02.031,379,2026-02-06 11:52:02.031,7.63198629,,,,,,,,,,,,,,
2026-02-06 11:52:02.131,380,2026-02-06 11:52:02.131,7.64254196,,,,,,,,,,,,,,
2026-02-06 11:52:02.231,381,2026-02-06 11:52:02.231,7.65306063,,,,,,,,,,,,,,
2026-02-06 11:52:02.331,382,2026-02-06 11:52:02.331,7.66353528,,,,,,,,,,,,,,
2026-02-06 11:52:02.480,383,2026-02-06 11:52:02.480,7.67903047,,,,,,,,,,,,,,
2026-02-06 11:52:02.531,384,2026-02-06 11:52:02.531,7.68437133,,,,,,,,,,,,,,
2026-02-06 11:52:02.631,385,2026-02-06 11:52:02.631,7.69472371,,,,,,,,,,,,,,
2026-02-06 11:52:02.731,386,2026-02-06 11:52:02.731,7.70503915,,,,,,,,,,,,,,
2026-02-06 11:52:02.831,387,2026-02-06 11:52:02.831,7.71531595,,,,,,,,,,,,,,
2026-02-06 11:52:02.969,388,2026-02-06 11:52:02.969,7.72943249,,,,,,,,,,,,,,
2026-02-06 11:52:03.031,389,2026-02-06 11:52:03.031,7.7357419,,,,,,,,,,,,,,
2026-02-06 11:52:03.131,390,2026-02-06 11:52:03.131,7.74590262,,,,,,,,,,,,,,
2026-02-06 11:52:03.231,391,2026-02-06 11:52:03.231,7.75601549,,,,,,,,,,,,,,
2026-02-06 11:52:03.331,392,2026-02-06 11:52:03.331,7.7660951,,,,,,,,,,,,,,
2026-02-06 11:52:03.468,393,2026-02-06 11:52:03.468,7.77977194,,,,,,,,,,,,,,
2026-02-06 11:52:03.531,394,2026-02-06 11:52:03.531,7.78612613,,,,,,,,,,,,,,
2026-02-06 11:52:03.631,395,2026-02-06 11:52:03.631,7.79608496,,,,,,,,,,,,,,
2026-02-06 11:52:03.731,396,2026-02-06 11:52:03.731,7.80600837,,,,,,,,,,,,,,
2026-02-06 11:52:03.831,397,2026-02-06 11:52:03.831,7.81588575,,,,,,,,,,,,,,
2026-02-06 11:52:04.001,398,2026-02-06 11:52:04.001,7.83253778,,,,,,,,,,,,,,
2026-02-06 11:52:04.037,399,2026-02-06 11:52:04.037,7.83611674,,,,,,,,,,,,,,
2026-02-06 11:52:04.131,400,2026-02-06 11:52:04.131,7.8453017,,,,,,,,,,,,,,
2026-02-06 11:52:04.231,401,2026-02-06 11:52:04.231,7.85503546,,,,,,,,,,,,,,
2026-02-06 11:52:04.331,402,2026-02-06 11:52:04.331,7.86473504,,,,,,,,,,,,,,
2026-02-06 11:52:04.431,403,2026-02-06 11:52:04.431,7.87439107,,,,,,,,,,,,,,
2026-02-06 11:52:04.570,404,2026-02-06 11:52:04.570,7.88769827,,,,,,,,,,,,,,
2026-02-06 11:52:04.631,405,2026-02-06 11:52:04.631,7.89358746,,,,,,,,,,,,,,
2026-02-06 11:52:04.731,406,2026-02-06 11:52:04.731,7.90313442,,,,,,,,,,,,,,
2026-02-06 11:52:04.861,407,2026-02-06 11:52:04.861,7.91540288,,,,,,,,,,,,,,
2026-02-06 11:52:04.931,408,2026-02-06 11:52:04.931,7.92210955,,,,,,,,,,,,,,
2026-02-06 11:52:05.031,409,2026-02-06 11:52:05.031,7.93154364,,,,,,,,,,,,,,
2026-02-06 11:52:05.131,410,2026-02-06 11:52:05.131,7.94094266,,,,,,,,,,,,,,
2026-02-06 11:52:05.231,411,2026-02-06 11:52:05.231,7.95029824,,,,,,,,,,,,,,
2026-02-06 11:52:05.331,412,2026-02-06 11:52:05.331,7.95962068,,,,,,,,,,,,,,
2026-02-06 11:52:05.470,413,2026-02-06 11:52:05.470,7.97253098,,,,,,,,,,,,,,
2026-02-06 11:52:05.537,414,2026-02-06 11:52:05.537,7.97870122,,,,,,,,,,,,,,
2026-02-06 11:52:05.632,415,2026-02-06 11:52:05.632,7.98739362,,,,,,,,,,,,,,
2026-02-06 11:52:05.731,416,2026-02-06 11:52:05.731,7.99655879,,,,,,,,,,,,,,
2026-02-06 11:52:05.831,417,2026-02-06 11:52:05.831,8.00570211,,,,,,,,,,,,,,
2026-02-06 11:52:05.931,418,2026-02-06 11:52:05.931,8.01481068,,,,,,,,,,,,,,
2026-02-06 11:52:06.031,419,2026-02-06 11:52:06.031,8.02388815,,,,,,,,,,,,,,
2026-02-06 11:52:06.131,420,2026-02-06 11:52:06.131,8.03292148,,,,,,,,,,,,,,
2026-02-06 11:52:06.231,421,2026-02-06 11:52:06.231,8.04192598,,,,,,,,,,,,,,
2026-02-06 11:52:06.331,422,2026-02-06 11:52:06.331,8.0508942,,,,,,,,,,,,,,
2026-02-06 11:52:06.431,423,2026-02-06 11:52:06.431,8.05983411,,,,,,,,,,,,,,
2026-02-06 11:52:06.552,424,2026-02-06 11:52:06.552,8.07058887,,,,,,,,,,,,,,
2026-02-06 11:52:06.631,425,2026-02-06 11:52:06.631,8.0775947,,,,,,,,,,,,,,
2026-02-06 11:52:06.732,426,2026-02-06 11:52:06.732,8.08642704,,,,,,,,,,,,,,
2026-02-06 11:52:06.832,427,2026-02-06 11:52:06.832,8.09522326,,,,,,,,,,,,,,
2026-02-06 11:52:06.932,428,2026-02-06 11:52:06.932,8.103986,,,,,,,,,,,,,,
2026-02-06 11:52:07.085,429,2026-02-06 11:52:07.085,8.11738546,,,,,,,,,,,,,,
2026-02-06 11:52:07.131,430,2026-02-06 11:52:07.131,8.1214069,,,,,,,,,,,,,,
2026-02-06 11:52:07.232,431,2026-02-06 11:52:07.232,8.13006851,,,,,,,,,,,,,,
2026-02-06 11:52:07.331,432,2026-02-06 11:52:07.331,8.1386965,,,,,,,,,,,,,,
2026-02-06 11:52:07.522,433,2026-02-06 11:52:07.522,8.15504021,,,,,,,,,,,,,,
2026-02-06 11:52:07.558,434,2026-02-06 11:52:07.558,8.15815834,,,,,,,,,,,,,,
2026-02-06 11:52:07.631,435,2026-02-06 11:52:07.631,8.16438449,,,,,,,,,,,,,,
2026-02-06 11:52:07.732,436,2026-02-06 11:52:07.732,8.17288377,,,,,,,,,,,,,,
2026-02-06 11:52:07.832,437,2026-02-06 11:52:07.832,8.18135091,,,,,,,,,,,,,,
2026-02-06 11:52:07.992,438,2026-02-06 11:52:07.992,8.19484696,,,,,,,,,,,,,,
2026-02-06 11:52:08.032,439,2026-02-06 11:52:08.032,8.19816933,,,,,,,,,,,,,,
2026-02-06 11:52:08.132,440,2026-02-06 11:52:08.132,8.20653574,,,,,,,,,,,,,,
2026-02-06 11:52:08.232,441,2026-02-06 11:52:08.232,8.21486294,,,,,,,,,,,,,,
2026-02-06 11:52:08.332,442,2026-02-06 11:52:08.332,8.22316725,,,,,,,,,,,,,,
2026-02-06 11:52:08.533,443,2026-02-06 11:52:08.533,8.23982854,,,,,,,,,,,,,,
2026-02-06 11:52:08.632,444,2026-02-06 11:52:08.632,8.24788203,,,,,,,,,,,,,,
2026-02-06 11:52:08.732,445,2026-02-06 11:52:08.732,8.25606372,,,,,,,,,,,,,,
2026-02-06 11:52:08.832,446,2026-02-06 11:52:08.832,8.26420045,,,,,,,,,,,,,,
2026-02-06 11:52:08.932,447,2026-02-06 11:52:08.932,8.27231298,,,,,,,,,,,,,,
2026-02-06 11:52:09.032,448,2026-02-06 11:52:09.032,8.28038765,,,,,,,,,,,,,,
2026-02-06 11:52:09.132,449,2026-02-06 11:52:09.132,8.28843977,,,,,,,,,,,,,,
2026-02-06 11:52:09.232,450,2026-02-06 11:52:09.232,8.29645506,,,,,,,,,,,,,,
2026-02-06 11:52:09.332,451,2026-02-06 11:52:09.332,8.30444165,,,,,,,,,,,,,,
2026-02-06 11:52:09.432,452,2026-02-06 11:52:09.432,8.31239426,,,,,,,,,,,,,,
2026-02-06 11:52:09.580,453,2026-02-06 11:52:09.580,8.324119,,,,,,,,,,,,,,
2026-02-06 11:52:09.632,454,2026-02-06 11:52:09.632,8.32821231,,,,,,,,,,,,,,
2026-02-06 11:52:09.732,455,2026-02-06 11:52:09.732,8.33607375,,,,,,,,,,,,,,
2026-02-06 11:52:09.832,456,2026-02-06 11:52:09.832,8.34390398,,,,,,,,,,,,,,
2026-02-06 11:52:09.932,457,2026-02-06 11:52:09.932,8.35170894,,,,,,,,,,,,,,
2026-02-06 11:52:10.147,458,2026-02-06 11:52:10.147,8.36841616,,,,,,,,,,,,,,
2026-02-06 11:52:10.232,459,2026-02-06 11:52:10.232,8.37493994,,,,,,,,,,,,,,
2026-02-06 11:52:10.332,460,2026-02-06 11:52:10.332,8.3826169,,,,,,,,,,,,,,
2026-02-06 11:52:10.482,461,2026-02-06 11:52:10.482,8.39409714,,,,,,,,,,,,,,
2026-02-06 11:52:10.532,462,2026-02-06 11:52:10.532,8.39788837,,,,,,,,,,,,,,
2026-02-06 11:52:10.632,463,2026-02-06 11:52:10.632,8.40547612,,,,,,,,,,,,,,
2026-02-06 11:52:10.732,464,2026-02-06 11:52:10.732,8.41304151,,,,,,,,,,,,,,
2026-02-06 11:52:10.832,465,2026-02-06 11:52:10.832,8.42056665,,,,,,,,,,,,,,
2026-02-06 11:52:10.932,466,2026-02-06 11:52:10.932,8.42807188,,,,,,,,,,,,,,
2026-02-06 11:52:11.130,467,2026-02-06 11:52:11.130,8.44286196,,,,,,,,,,,,,,
2026-02-06 11:52:11.167,468,2026-02-06 11:52:11.167,8.44557295,,,,,,,,,,,,,,
2026-02-06 11:52:11.232,469,2026-02-06 11:52:11.232,8.45044662,,,,,,,,,,,,,,
2026-02-06 11:52:11.332,470,2026-02-06 11:52:11.332,8.45779267,,,,,,,,,,,,,,
2026-02-06 11:52:11.432,471,2026-02-06 11:52:11.432,8.46514911,,,,,,,,,,,,,,
2026-02-06 11:52:11.555,472,2026-02-06 11:52:11.555,8.4741574,,,,,,,,,,,,,,
2026-02-06 11:52:11.632,473,2026-02-06 11:52:11.632,8.47977987,,,,,,,,,,,,,,
2026-02-06 11:52:11.732,474,2026-02-06 11:52:11.732,8.48706039,,,,,,,,,,,,,,
2026-02-06 11:52:11.832,475,2026-02-06 11:52:11.832,8.49430347,,,,,,,,,,,,,,
2026-02-06 11:52:11.932,476,2026-02-06 11:52:11.932,8.50152194,,,,,,,,,,,,,,
2026-02-06 11:52:12.080,477,2026-02-06 11:52:12.080,8.51218441,,,,,,,,,,,,,,
2026-02-06 11:52:12.132,478,2026-02-06 11:52:12.132,8.51587697,,,,,,,,,,,,,,
2026-02-06 11:52:12.232,479,2026-02-06 11:52:12.232,8.52301086,,,,,,,,,,,,,,
2026-02-06 11:52:12.332,480,2026-02-06 11:52:12.332,8.53012043,,,,,,,,,,,,,,
2026-02-06 11:52:12.432,481,2026-02-06 11:52:12.432,8.53720142,,,,,,,,,,,,,,
2026-02-06 11:52:12.532,482,2026-02-06 11:52:12.532,8.54425671,,,,,,,,,,,,,,
2026-02-06 11:52:12.662,483,2026-02-06 11:52:12.662,8.55338512,,,,,,,,,,,,,,
2026-02-06 11:52:12.732,484,2026-02-06 11:52:12.732,8.55828367,,,,,,,,,,,,,,
2026-02-06 11:52:12.832,485,2026-02-06 11:52:12.832,8.56525734,,,,,,,,,,,,,,
2026-02-06 11:52:12.932,486,2026-02-06 11:52:12.932,8.572204,,,,,,,,,,,,,,
2026-02-06 11:52:13.119,487,2026-02-06 11:52:13.119,8.58511687,,,,,,,,,,,,,,
2026-02-06 11:52:13.155,488,2026-02-06 11:52:13.155,8.58762946,,,,,,,,,,,,,,
2026-02-06 11:52:13.232,489,2026-02-06 11:52:13.232,8.5928893,,,,,,,,,,,,,,
2026-02-06 11:52:13.332,490,2026-02-06 11:52:13.332,8.59972861,,,,,,,,,,,,,,
2026-02-06 11:52:13.432,491,2026-02-06 11:52:13.432,8.60654296,,,,,,,,,,,,,,
2026-02-06 11:52:13.587,492,2026-02-06 11:52:13.587,8.61706989,,,,,,,,,,,,,,
2026-02-06 11:52:13.650,493,2026-02-06 11:52:13.650,8.62132532,,,,,,,,,,,,,,
2026-02-06 11:52:13.732,494,2026-02-06 11:52:13.732,8.62683264,,,,,,,,,,,,,,
2026-02-06 11:52:13.832,495,2026-02-06 11:52:13.832,8.63354153,,,,,,,,,,,,,,
2026-02-06 11:52:13.932,496,2026-02-06 11:52:13.932,8.64022357,,,,,,,,,,,,,,
2026-02-06 11:52:14.065,497,2026-02-06 11:52:14.065,8.64907653,,,,,,,,,,,,,,
2026-02-06 11:52:14.136,498,2026-02-06 11:52:14.136,8.65376213,,,,,,,,,,,,,,
2026-02-06 11:52:14.232,499,2026-02-06 11:52:14.232,8.66012728,,,,,,,,,,,,,,
2026-02-06 11:52:14.332,500,2026-02-06 11:52:14.332,8.66671262,,,,,,,,,,,,,,
2026-02-06 11:52:14.432,501,2026-02-06 11:52:14.432,8.6732771,,,,,,,,,,,,,,
2026-02-06 11:52:14.570,502,2026-02-06 11:52:14.570,8.68230963,,,,,,,,,,,,,,
2026-02-06 11:52:14.632,503,2026-02-06 11:52:14.632,8.68631591,,,,,,,,,,,,,,
2026-02-06 11:52:14.732,504,2026-02-06 11:52:14.732,8.69279428,,,,,,,,,,,,,,
2026-02-06 11:52:14.832,505,2026-02-06 11:52:14.832,8.69925569,,,,,,,,,,,,,,
2026-02-06 11:52:14.932,506,2026-02-06 11:52:14.932,8.70568288,,,,,,,,,,,,,,
2026-02-06 11:52:15.032,507,2026-02-06 11:52:15.032,8.71209332,,,,,,,,,,,,,,
2026-02-06 11:52:15.199,508,2026-02-06 11:52:15.199,8.72274731,,,,,,,,,,,,,,
2026-02-06 11:52:15.236,509,2026-02-06 11:52:15.236,8.72506524,,,,,,,,,,,,,,
2026-02-06 11:52:15.332,510,2026-02-06 11:52:15.332,8.7311694,,,,,,,,,,,,,,
2026-02-06 11:52:15.432,511,2026-02-06 11:52:15.432,8.73747633,,,,,,,,,,,,,,
2026-02-06 11:52:15.633,512,2026-02-06 11:52:15.633,8.75006902,,,,,,,,,,,,,,
2026-02-06 11:52:15.732,513,2026-02-06 11:52:15.732,8.75626578,,,,,,,,,,,,,,
2026-02-06 11:52:15.832,514,2026-02-06 11:52:15.832,8.76247861,,,,,,,,,,,,,,
2026-02-06 11:52:15.932,515,2026-02-06 11:52:15.932,8.76867124,,,,,,,,,,,,,,
2026-02-06 11:52:16.032,516,2026-02-06 11:52:16.032,8.77483699,,,,,,,,,,,,,,
2026-02-06 11:52:16.158,517,2026-02-06 11:52:16.158,8.78258163,,,,,,,,,,,,,,
2026-02-06 11:52:16.232,518,2026-02-06 11:52:16.232,8.7870939,,,,,,,,,,,,,,
2026-02-06 11:52:16.332,519,2026-02-06 11:52:16.332,8.79319375,,,,,,,,,,,,,,
2026-02-06 11:52:16.432,520,2026-02-06 11:52:16.432,8.79926635,,,,,,,,,,,,,,
2026-02-06 11:52:16.532,521,2026-02-06 11:52:16.532,8.80531299,,,,,,,,,,,,,,
2026-02-06 11:52:16.681,522,2026-02-06 11:52:16.681,8.81429114,,,,,,,,,,,,,,
2026-02-06 11:52:16.732,523,2026-02-06 11:52:16.732,8.81733807,,,,,,,,,,,,,,
2026-02-06 11:52:16.832,524,2026-02-06 11:52:16.832,8.82331376,,,,,,,,,,,,,,
2026-02-06 11:52:16.932,525,2026-02-06 11:52:16.932,8.82927081,,,,,,,,,,,,,,
2026-02-06 11:52:17.032,526,2026-02-06 11:52:17.032,8.83520468,,,,,,,,,,,,,,
2026-02-06 11:52:17.157,527,2026-02-06 11:52:17.157,8.84257561,,,,,,,,,,,,,,
2026-02-06 11:52:17.232,528,2026-02-06 11:52:17.232,8.84701034,,,,,,,,,,,,,,
2026-02-06 11:52:17.332,529,2026-02-06 11:52:17.332,8.85287693,,,,,,,,,,,,,,
2026-02-06 11:52:17.432,530,2026-02-06 11:52:17.432,8.8587191,,,,,,,,,,,,,,
2026-02-06 11:52:17.532,531,2026-02-06 11:52:17.532,8.86454278,,,,,,,,,,,,,,
2026-02-06 11:52:17.632,532,2026-02-06 11:52:17.632,8.87034313,,,,,,,,,,,,,,
2026-02-06 11:52:17.732,533,2026-02-06 11:52:17.732,8.87611809,,,,,,,,,,,,,,
2026-02-06 11:52:17.832,534,2026-02-06 11:52:17.832,8.88187314,,,,,,,,,,,,,,
2026-02-06 11:52:17.932,535,2026-02-06 11:52:17.932,8.8876086,,,,,,,,,,,,,,
2026-02-06 11:52:18.032,536,2026-02-06 11:52:18.032,8.89332361,,,,,,,,,,,,,,
2026-02-06 11:52:18.156,537,2026-02-06 11:52:18.156,8.90034997,,,,,,,,,,,,,,
2026-02-06 11:52:18.232,538,2026-02-06 11:52:18.232,8.90468067,,,,,,,,,,,,,,
2026-02-06 11:52:18.332,539,2026-02-06 11:52:18.332,8.91032307,,,,,,,,,,,,,,
2026-02-06 11:52:18.432,540,2026-02-06 11:52:18.432,8.91594732,,,,,,,,,,,,,,
2026-02-06 11:52:18.532,541,2026-02-06 11:52:18.532,8.92155187,,,,,,,,,,,,,,
2026-02-06 11:52:18.679,542,2026-02-06 11:52:18.679,8.92971241,,,,,,,,,,,,,,
2026-02-06 11:52:18.742,543,2026-02-06 11:52:18.742,8.93322894,,,,,,,,,,,,,,
2026-02-06 11:52:18.832,544,2026-02-06 11:52:18.832,8.93823527,,,,,,,,,,,,,,
2026-02-06 11:52:18.932,545,2026-02-06 11:52:18.932,8.94375785,,,,,,,,,,,,,,
2026-02-06 11:52:19.146,546,2026-02-06 11:52:19.146,8.95547444,,,,,,,,,,,,,,
2026-02-06 11:52:19.232,547,2026-02-06 11:52:19.232,8.96018586,,,,,,,,,,,,,,
2026-02-06 11:52:19.332,548,2026-02-06 11:52:19.332,8.96562134,,,,,,,,,,,,,,
2026-02-06 11:52:19.432,549,2026-02-06 11:52:19.432,8.97103487,,,,,,,,,,,,,,
2026-02-06 11:52:19.532,550,2026-02-06 11:52:19.532,8.97642797,,,,,,,,,,,,,,
2026-02-06 11:52:19.678,551,2026-02-06 11:52:19.678,8.98424356,,,,,,,,,,,,,,
2026-02-06 11:52:19.732,552,2026-02-06 11:52:19.732,8.98715357,,,,,,,,,,,,,,
2026-02-06 11:52:19.832,553,2026-02-06 11:52:19.832,8.99248432,,,,,,,,,,,,,,
2026-02-06 11:52:19.932,554,2026-02-06 11:52:19.932,8.99779436,,,,,,,,,,,,,,
2026-02-06 11:52:20.032,555,2026-02-06 11:52:20.032,9.00308174,,,,,,,,,,,,,,
2026-02-06 11:52:20.142,556,2026-02-06 11:52:20.142,9.00888278,,,,,,,,,,,,,,
2026-02-06 11:52:20.232,557,2026-02-06 11:52:20.232,9.01360134,,,,,,,,,,,,,,
2026-02-06 11:52:20.332,558,2026-02-06 11:52:20.332,9.01882924,,,,,,,,,,,,,,
2026-02-06 11:52:20.432,559,2026-02-06 11:52:20.432,9.02403585,,,,,,,,,,,,,,
2026-02-06 11:52:20.532,560,2026-02-06 11:52:20.532,9.02922601,,,,,,,,,,,,,,
2026-02-06 11:52:20.632,561,2026-02-06 11:52:20.632,9.03439843,,,,,,,,,,,,,,
2026-02-06 11:52:20.732,562,2026-02-06 11:52:20.732,9.0395492,,,,,,,,,,,,,,
2026-02-06 11:52:20.833,563,2026-02-06 11:52:20.833,9.0446923,,,,,,,,,,,,,,
2026-02-06 11:52:20.932,564,2026-02-06 11:52:20.932,9.04978727,,,,,,,,,,,,,,
2026-02-06 11:52:21.032,565,2026-02-06 11:52:21.032,9.05488195,,,,,,,,,,,,,,
2026-02-06 11:52:21.132,566,2026-02-06 11:52:21.132,9.05995486,,,,,,,,,,,,,,
2026-02-06 11:52:21.232,567,2026-02-06 11:52:21.232,9.06500904,,,,,,,,,,,,,,
2026-02-06 11:52:21.332,568,2026-02-06 11:52:21.332,9.07003798,,,,,,,,,,,,,,
2026-02-06 11:52:21.432,569,2026-02-06 11:52:21.432,9.07505351,,,,,,,,,,,,,,
2026-02-06 11:52:21.532,570,2026-02-06 11:52:21.532,9.08005492,,,,,,,,,,,,,,
2026-02-06 11:52:21.725,571,2026-02-06 11:52:21.725,9.08962701,,,,,,,,,,,,,,
2026-02-06 11:52:21.763,572,2026-02-06 11:52:21.763,9.09149705,,,,,,,,,,,,,,
2026-02-06 11:52:21.832,573,2026-02-06 11:52:21.832,9.09492961,,,,,,,,,,,,,,
2026-02-06 11:52:21.932,574,2026-02-06 11:52:21.932,9.09984532,,,,,,,,,,,,,,
2026-02-06 11:52:22.032,575,2026-02-06 11:52:22.032,9.10474905,,,,,,,,,,,,,,
2026-02-06 11:52:22.132,576,2026-02-06 11:52:22.132,9.10963126,,,,,,,,,,,,,,
2026-02-06 11:52:22.253,577,2026-02-06 11:52:22.253,9.11549333,,,,,,,,,,,,,,
2026-02-06 11:52:22.332,578,2026-02-06 11:52:22.332,9.1193439,,,,,,,,,,,,,,
2026-02-06 11:52:22.432,579,2026-02-06 11:52:22.432,9.1241677,,,,,,,,,,,,,,
2026-02-06 11:52:22.532,580,2026-02-06 11:52:22.532,9.1289779,,,,,,,,,,,,,,
2026-02-06 11:52:22.660,581,2026-02-06 11:52:22.660,9.13508513,,,,,,,,,,,,,,
2026-02-06 11:52:22.732,582,2026-02-06 11:52:22.732,9.13853666,,,,,,,,,,,,,,
2026-02-06 11:52:22.832,583,2026-02-06 11:52:22.832,9.1432922,,,,,,,,,,,,,,
2026-02-06 11:52:22.932,584,2026-02-06 11:52:22.932,9.14803066,,,,,,,,,,,,,,
2026-02-06 11:52:23.032,585,2026-02-06 11:52:23.032,9.15275133,,,,,,,,,,,,,,
2026-02-06 11:52:23.151,586,2026-02-06 11:52:23.151,9.1583004,,,,,,,,,,,,,,
2026-02-06 11:52:23.232,587,2026-02-06 11:52:23.232,9.16212715,,,,,,,,,,,,,,
2026-02-06 11:52:23.332,588,2026-02-06 11:52:23.332,9.16679297,,,,,,,,,,,,,,
2026-02-06 11:52:23.432,589,2026-02-06 11:52:23.432,9.17143952,,,,,,,,,,,,,,
2026-02-06 11:52:23.533,590,2026-02-06 11:52:23.533,9.17607129,,,,,,,,,,,,,,
2026-02-06 11:52:23.668,591,2026-02-06 11:52:23.668,9.18230202,,,,,,,,,,,,,,
2026-02-06 11:52:23.733,592,2026-02-06 11:52:23.733,9.18527525,,,,,,,,,,,,,,
2026-02-06 11:52:23.833,593,2026-02-06 11:52:23.833,9.18985067,,,,,,,,,,,,,,
2026-02-06 11:52:23.932,594,2026-02-06 11:52:23.932,9.19440692,,,,,,,,,,,,,,
2026-02-06 11:52:24.033,595,2026-02-06 11:52:24.033,9.19894925,,,,,,,,,,,,,,
2026-02-06 11:52:24.163,596,2026-02-06 11:52:24.163,9.20485468,,,,,,,,,,,,,,
2026-02-06 11:52:24.233,597,2026-02-06 11:52:24.233,9.20798211,,,,,,,,,,,,,,
2026-02-06 11:52:24.333,598,2026-02-06 11:52:24.333,9.21246956,,,,,,,,,,,,,,
2026-02-06 11:52:24.433,599,2026-02-06 11:52:24.433,9.21693987,,,,,,,,,,,,,,
2026-02-06 11:52:24.533,600,2026-02-06 11:52:24.533,9.22139313,,,,,,,,,,,,,,
2026-02-06 11:52:24.633,601,2026-02-06 11:52:24.633,9.22583318,,,,,,,,,,,,,,
2026-02-06 11:52:24.733,602,2026-02-06 11:52:24.733,9.23025833,,,,,,,,,,,,,,
2026-02-06 11:52:24.833,603,2026-02-06 11:52:24.833,9.23466229,,,,,,,,,,,,,,
2026-02-06 11:52:24.933,604,2026-02-06 11:52:24.933,9.23905151,,,,,,,,,,,,,,
2026-02-06 11:52:25.033,605,2026-02-06 11:52:25.033,9.24342384,,,,,,,,,,,,,,
2026-02-06 11:52:25.133,606,2026-02-06 11:52:25.133,9.24777949,,,,,,,,,,,,,,
2026-02-06 11:52:25.234,607,2026-02-06 11:52:25.234,9.25215437,,,,,,,,,,,,,,
2026-02-06 11:52:25.333,608,2026-02-06 11:52:25.333,9.25643897,,,,,,,,,,,,,,
2026-02-06 11:52:25.433,609,2026-02-06 11:52:25.433,9.26074804,,,,,,,,,,,,,,
2026-02-06 11:52:25.533,610,2026-02-06 11:52:25.533,9.2650376,,,,,,,,,,,,,,
2026-02-06 11:52:25.633,611,2026-02-06 11:52:25.633,9.26930702,,,,,,,,,,,,,,
2026-02-06 11:52:25.736,612,2026-02-06 11:52:25.736,9.27370658,,,,,,,,,,,,,,
2026-02-06 11:52:25.833,613,2026-02-06 11:52:25.833,9.27779521,,,,,,,,,,,,,,
2026-02-06 11:52:25.933,614,2026-02-06 11:52:25.933,9.28201837,,,,,,,,,,,,,,
2026-02-06 11:52:26.033,615,2026-02-06 11:52:26.033,9.28622039,,,,,,,,,,,,,,
2026-02-06 11:52:26.133,616,2026-02-06 11:52:26.133,9.29041177,,,,,,,,,,,,,,
2026-02-06 11:52:26.278,617,2026-02-06 11:52:26.278,9.29647653,,,,,,,,,,,,,,
2026-02-06 11:52:26.350,618,2026-02-06 11:52:26.350,9.29947658,,,,,,,,,,,,,,
2026-02-06 11:52:26.450,619,2026-02-06 11:52:26.450,9.30360884,,,,,,,,,,,,,,
2026-02-06 11:52:26.533,620,2026-02-06 11:52:26.533,9.30702818,,,,,,,,,,,,,,
2026-02-06 11:52:26.633,621,2026-02-06 11:52:26.633,9.31113638,,,,,,,,,,,,,,
2026-02-06 11:52:26.733,622,2026-02-06 11:52:26.733,9.31523443,,,,,,,,,,,,,,
2026-02-06 11:52:26.876,623,2026-02-06 11:52:26.876,9.32109048,,,,,,,,,,,,,,
2026-02-06 11:52:26.933,624,2026-02-06 11:52:26.933,9.32338564,,,,,,,,,,,,,,
2026-02-06 11:52:27.033,625,2026-02-06 11:52:27.033,9.32743343,,,,,,,,,,,,,,
2026-02-06 11:52:27.133,626,2026-02-06 11:52:27.133,9.33147261,,,,,,,,,,,,,,
2026-02-06 11:52:27.233,627,2026-02-06 11:52:27.233,9.33549191,,,,,,,,,,,,,,
2026-02-06 11:52:27.333,628,2026-02-06 11:52:27.333,9.33949657,,,,,,,,,,,,,,
2026-02-06 11:52:27.517,629,2026-02-06 11:52:27.517,9.34681921,,,,,,,,,,,,,,
2026-02-06 11:52:27.553,630,2026-02-06 11:52:27.553,9.34826399,,,,,,,,,,,,,,
2026-02-06 11:52:27.633,631,2026-02-06 11:52:27.633,9.35141472,,,,,,,,,,,,,,
2026-02-06 11:52:27.733,632,2026-02-06 11:52:27.733,9.3553573,,,,,,,,,,,,,,
2026-02-06 11:52:27.833,633,2026-02-06 11:52:27.833,9.35928995,,,,,,,,,,,,,,
2026-02-06 11:52:27.933,634,2026-02-06 11:52:27.933,9.36320352,,,,,,,,,,,,,,
2026-02-06 11:52:28.033,635,2026-02-06 11:52:28.033,9.36710269,,,,,,,,,,,,,,
2026-02-06 11:52:28.133,636,2026-02-06 11:52:28.133,9.370982,,,,,,,,,,,,,,
2026-02-06 11:52:28.233,637,2026-02-06 11:52:28.233,9.37485331,,,,,,,,,,,,,,
2026-02-06 11:52:28.333,638,2026-02-06 11:52:28.333,9.37870781,,,,,,,,,,,,,,
2026-02-06 11:52:28.487,639,2026-02-06 11:52:28.487,9.38463038,,,,,,,,,,,,,,
2026-02-06 11:52:28.533,640,2026-02-06 11:52:28.533,9.38637234,,,,,,,,,,,,,,
2026-02-06 11:52:28.633,641,2026-02-06 11:52:28.633,9.3901792,,,,,,,,,,,,,,
2026-02-06 11:52:28.733,642,2026-02-06 11:52:28.733,9.39397781,,,,,,,,,,,,,,
2026-02-06 11:52:28.833,643,2026-02-06 11:52:28.833,9.39775918,,,,,,,,,,,,,,
2026-02-06 11:52:28.933,644,2026-02-06 11:52:28.933,9.40152698,,,,,,,,,,,,,,
2026-02-06 11:52:29.033,645,2026-02-06 11:52:29.033,9.40528254,,,,,,,,,,,,,,
2026-02-06 11:52:29.248,646,2026-02-06 11:52:29.248,9.41331556,,,,,,,,,,,,,,
2026-02-06 11:52:29.333,647,2026-02-06 11:52:29.333,9.41645917,,,,,,,,,,,,,,
2026-02-06 11:52:29.433,648,2026-02-06 11:52:29.433,9.42015876,,,,,,,,,,,,,,
2026-02-06 11:52:29.533,649,2026-02-06 11:52:29.533,9.42384236,,,,,,,,,,,,,,
2026-02-06 11:52:29.633,650,2026-02-06 11:52:29.633,9.42751006,,,,,,,,,,,,,,
2026-02-06 11:52:29.733,651,2026-02-06 11:52:29.733,9.43116629,,,,,,,,,,,,,,
2026-02-06 11:52:29.881,652,2026-02-06 11:52:29.881,9.43655084,,,,,,,,,,,,,,
2026-02-06 11:52:29.933,653,2026-02-06 11:52:29.933,9.43842895,,,,,,,,,,,,,,
2026-02-06 11:52:30.033,654,2026-02-06 11:52:30.033,9.4420482,,,,,,,,,,,,,,
2026-02-06 11:52:30.133,655,2026-02-06 11:52:30.133,9.44564337,,,,,,,,,,,,,,
2026-02-06 11:52:30.261,656,2026-02-06 11:52:30.261,9.45022681,,,,,,,,,,,,,,
2026-02-06 11:52:30.333,657,2026-02-06 11:52:30.333,9.45280163,,,,,,,,,,,,,,
2026-02-06 11:52:30.433,658,2026-02-06 11:52:30.433,9.45636023,,,,,,,,,,,,,,
2026-02-06 11:52:30.533,659,2026-02-06 11:52:30.533,9.45990192,,,,,,,,,,,,,,
2026-02-06 11:52:30.633,660,2026-02-06 11:52:30.633,9.46343436,,,,,,,,,,,,,,
2026-02-06 11:52:30.733,661,2026-02-06 11:52:30.733,9.46695234,,,,,,,,,,,,,,
2026-02-06 11:52:30.889,662,2026-02-06 11:52:30.889,9.4724014,,,,,,,,,,,,,,
2026-02-06 11:52:30.933,663,2026-02-06 11:52:30.933,9.47394159,,,,,,,,,,,,,,
2026-02-06 11:52:31.033,664,2026-02-06 11:52:31.033,9.4774189,,,,,,,,,,,,,,
2026-02-06 11:52:31.133,665,2026-02-06 11:52:31.133,9.48088485,,,,,,,,,,,,,,
2026-02-06 11:52:31.233,666,2026-02-06 11:52:31.233,9.48433252,,,,,,,,,,,,,,
2026-02-06 11:52:31.333,667,2026-02-06 11:52:31.333,9.48776878,,,,,,,,,,,,,,
2026-02-06 11:52:31.433,668,2026-02-06 11:52:31.433,9.49119132,,,,,,,,,,,,,,
2026-02-06 11:52:31.566,669,2026-02-06 11:52:31.566,9.49572626,,,,,,,,,,,,,,
2026-02-06 11:52:31.633,670,2026-02-06 11:52:31.633,9.49799897,,,,,,,,,,,,,,
2026-02-06 11:52:31.733,671,2026-02-06 11:52:31.733,9.50138727,,,,,,,,,,,,,,
2026-02-06 11:52:31.833,672,2026-02-06 11:52:31.833,9.50475579,,,,,,,,,,,,,,
2026-02-06 11:52:31.933,673,2026-02-06 11:52:31.933,9.50811428,,,,,,,,,,,,,,
2026-02-06 11:52:32.033,674,2026-02-06 11:52:32.033,9.51146082,,,,,,,,,,,,,,
2026-02-06 11:52:32.133,675,2026-02-06 11:52:32.133,9.51479589,,,,,,,,,,,,,,
2026-02-06 11:52:32.255,676,2026-02-06 11:52:32.255,9.51885408,,,,,,,,,,,,,,
2026-02-06 11:52:32.333,677,2026-02-06 11:52:32.333,9.52142562,,,,,,,,,,,,,,
2026-02-06 11:52:32.433,678,2026-02-06 11:52:32.433,9.52472516,,,,,,,,,,,,,,
2026-02-06 11:52:32.533,679,2026-02-06 11:52:32.533,9.52801091,,,,,,,,,,,,,,
2026-02-06 11:52:32.633,680,2026-02-06 11:52:32.633,9.53128226,,,,,,,,,,,,,,
2026-02-06 11:52:32.733,681,2026-02-06 11:52:32.733,9.53454219,,,,,,,,,,,,,,
2026-02-06 11:52:32.833,682,2026-02-06 11:52:32.833,9.5377897,,,,,,,,,,,,,,
2026-02-06 11:52:32.933,683,2026-02-06 11:52:32.933,9.54102525,,,,,,,,,,,,,,
2026-02-06 11:52:33.033,684,2026-02-06 11:52:33.033,9.54425243,,,,,,,,,,,,,,
2026-02-06 11:52:33.133,685,2026-02-06 11:52:33.133,9.54745948,,,,,,,,,,,,,,
2026-02-06 11:52:33.233,686,2026-02-06 11:52:33.233,9.55066454,,,,,,,,,,,,,,
2026-02-06 11:52:33.333,687,2026-02-06 11:52:33.333,9.553848,,,,,,,,,,,,,,
2026-02-06 11:52:33.433,688,2026-02-06 11:52:33.433,9.55702178,,,,,,,,,,,,,,
2026-02-06 11:52:33.557,689,2026-02-06 11:52:33.557,9.56095144,,,,,,,,,,,,,,
2026-02-06 11:52:33.633,690,2026-02-06 11:52:33.633,9.56333703,,,,,,,,,,,,,,
2026-02-06 11:52:33.733,691,2026-02-06 11:52:33.733,9.56647979,,,,,,,,,,,,,,
2026-02-06 11:52:33.833,692,2026-02-06 11:52:33.833,9.5696047,,,,,,,,,,,,,,
2026-02-06 11:52:33.933,693,2026-02-06 11:52:33.933,9.5727219,,,,,,,,,,,,,,
2026-02-06 11:52:34.033,694,2026-02-06 11:52:34.033,9.57582533,,,,,,,,,,,,,,
2026-02-06 11:52:34.133,695,2026-02-06 11:52:34.133,9.5789179,,,,,,,,,,,,,,
2026-02-06 11:52:34.233,696,2026-02-06 11:52:34.233,9.58200069,,,,,,,,,,,,,,
2026-02-06 11:52:34.333,697,2026-02-06 11:52:34.333,9.58506657,,,,,,,,,,,,,,
2026-02-06 11:52:34.474,698,2026-02-06 11:52:34.474,9.5893714,,,,,,,,,,,,,,
2026-02-06 11:52:34.533,699,2026-02-06 11:52:34.533,9.5911671,,,,,,,,,,,,,,
2026-02-06 11:52:34.633,700,2026-02-06 11:52:34.633,9.59420586,,,,,,,,,,,,,,
2026-02-06 11:52:34.795,701,2026-02-06 11:52:34.795,9.59908681,,,,,,,,,,,,,,
2026-02-06 11:52:34.833,702,2026-02-06 11:52:34.833,9.60023943,,,,,,,,,,,,,,
2026-02-06 11:52:34.933,703,2026-02-06 11:52:34.933,9.60323779,,,,,,,,,,,,,,
2026-02-06 11:52:35.033,704,2026-02-06 11:52:35.033,9.60622955,,,,,,,,,,,,,,
2026-02-06 11:52:35.133,705,2026-02-06 11:52:35.133,9.60920448,,,,,,,,,,,,,,
2026-02-06 11:52:35.281,706,2026-02-06 11:52:35.281,9.61358263,,,,,,,,,,,,,,
2026-02-06 11:52:35.333,707,2026-02-06 11:52:35.333,9.61512885,,,,,,,,,,,,,,
2026-02-06 11:52:35.433,708,2026-02-06 11:52:35.433,9.61807537,,,,,,,,,,,,,,
2026-02-06 11:52:35.533,709,2026-02-06 11:52:35.533,9.62100965,,,,,,,,,,,,,,
2026-02-06 11:52:35.633,710,2026-02-06 11:52:35.633,9.62392841,,,,,,,,,,,,,,
2026-02-06 11:52:35.733,711,2026-02-06 11:52:35.733,9.62683915,,,,,,,,,,,,,,
2026-02-06 11:52:35.833,712,2026-02-06 11:52:35.833,9.62974207,,,,,,,,,,,,,,
2026-02-06 11:52:35.953,713,2026-02-06 11:52:35.953,9.63318347,,,,,,,,,,,,,,
2026-02-06 11:52:36.033,714,2026-02-06 11:52:36.033,9.63550635,,,,,,,,,,,,,,
2026-02-06 11:52:36.133,715,2026-02-06 11:52:36.133,9.63837324,,,,,,,,,,,,,,
2026-02-06 11:52:36.233,716,2026-02-06 11:52:36.233,9.64123308,,,,,,,,,,,,,,
2026-02-06 11:52:36.333,717,2026-02-06 11:52:36.333,9.64408213,,,,,,,,,,,,,,
2026-02-06 11:52:36.464,718,2026-02-06 11:52:36.464,9.64777047,,,,,,,,,,,,,,
2026-02-06 11:52:36.533,719,2026-02-06 11:52:36.533,9.64974051,,,,,,,,,,,,,,
2026-02-06 11:52:36.633,720,2026-02-06 11:52:36.633,9.65255592,,,,,,,,,,,,,,
2026-02-06 11:52:36.733,721,2026-02-06 11:52:36.733,9.65536058,,,,,,,,,,,,,,
2026-02-06 11:52:36.840,722,2026-02-06 11:52:36.840,9.65832957,,,,,,,,,,,,,,
2026-02-06 11:52:36.933,723,2026-02-06 11:52:36.933,9.66093075,,,,,,,,,,,,,,
2026-02-06 11:52:37.033,724,2026-02-06 11:52:37.033,9.66370229,,,,,,,,,,,,,,
2026-02-06 11:52:37.133,725,2026-02-06 11:52:37.133,9.6664661,,,,,,,,,,,,,,
2026-02-06 11:52:37.233,726,2026-02-06 11:52:37.233,9.66921616,,,,,,,,,,,,,,
2026-02-06 11:52:37.333,727,2026-02-06 11:52:37.333,9.6719537,,,,,,,,,,,,,,
2026-02-06 11:52:37.433,728,2026-02-06 11:52:37.433,9.67468328,,,,,,,,,,,,,,
2026-02-06 11:52:37.565,729,2026-02-06 11:52:37.565,9.67825507,,,,,,,,,,,,,,
2026-02-06 11:52:37.633,730,2026-02-06 11:52:37.633,9.6801141,,,,,,,,,,,,,,
2026-02-06 11:52:37.733,731,2026-02-06 11:52:37.733,9.68281303,,,,,,,,,,,,,,
2026-02-06 11:52:37.835,732,2026-02-06 11:52:37.835,9.68555287,,,,,,,,,,,,,,
2026-02-06 11:52:37.933,733,2026-02-06 11:52:37.933,9.68817502,,,,,,,,,,,,,,
2026-02-06 11:52:38.033,734,2026-02-06 11:52:38.033,9.69084093,,,,,,,,,,,,,,
2026-02-06 11:52:38.133,735,2026-02-06 11:52:38.133,9.69349004,,,,,,,,,,,,,,
2026-02-06 11:52:38.233,736,2026-02-06 11:52:38.233,9.6961375,,,,,,,,,,,,,,
2026-02-06 11:52:38.333,737,2026-02-06 11:52:38.333,9.69877906,,,,,,,,,,,,,,
2026-02-06 11:52:38.433,738,2026-02-06 11:52:38.433,9.70140638,,,,,,,,,,,,,,
2026-02-06 11:52:38.581,739,2026-02-06 11:52:38.581,9.70526436,,,,,,,,,,,,,,
2026-02-06 11:52:38.650,740,2026-02-06 11:52:38.650,9.70705792,,,,,,,,,,,,,,
2026-02-06 11:52:38.733,741,2026-02-06 11:52:38.733,9.7092284,,,,,,,,,,,,,,
2026-02-06 11:52:38.833,742,2026-02-06 11:52:38.833,9.71181294,,,,,,,,,,,,,,
2026-02-06 11:52:38.933,743,2026-02-06 11:52:38.933,9.71439207,,,,,,,,,,,,,,
2026-02-06 11:52:39.033,744,2026-02-06 11:52:39.033,9.71695961,,,,,,,,,,,,,,
2026-02-06 11:52:39.133,745,2026-02-06 11:52:39.133,9.71952157,,,,,,,,,,,,,,
2026-02-06 11:52:39.233,746,2026-02-06 11:52:39.233,9.72207508,,,,,,,,,,,,,,
2026-02-06 11:52:39.333,747,2026-02-06 11:52:39.333,9.72461492,,,,,,,,,,,,,,
2026-02-06 11:52:39.502,748,2026-02-06 11:52:39.502,9.72887478,,,,,,,,,,,,,,
2026-02-06 11:52:39.539,749,2026-02-06 11:52:39.539,9.7297886,,,,,,,,,,,,,,
2026-02-06 11:52:39.633,750,2026-02-06 11:52:39.633,9.73217348,,,,,,,,,,,,,,
2026-02-06 11:52:39.733,751,2026-02-06 11:52:39.733,9.73467421,,,,,,,,,,,,,,
2026-02-06 11:52:39.833,752,2026-02-06 11:52:39.833,9.73717127,,,,,,,,,,,,,,
2026-02-06 11:52:39.974,753,2026-02-06 11:52:39.974,9.74065253,,,,,,,,,,,,,,
2026-02-06 11:52:40.036,754,2026-02-06 11:52:40.036,9.74219622,,,,,,,,,,,,,,
2026-02-06 11:52:40.134,755,2026-02-06 11:52:40.134,9.74459161,,,,,,,,,,,,,,
2026-02-06 11:52:40.234,756,2026-02-06 11:52:40.234,9.74704893,,,,,,,,,,,,,,
2026-02-06 11:52:40.334,757,2026-02-06 11:52:40.334,9.74949646,,,,,,,,,,,,,,
2026-02-06 11:52:40.504,758,2026-02-06 11:52:40.504,9.75364029,,,,,,,,,,,,,,
2026-02-06 11:52:40.540,759,2026-02-06 11:52:40.540,9.75452825,,,,,,,,,,,,,,
2026-02-06 11:52:40.634,760,2026-02-06 11:52:40.634,9.75678418,,,,,,,,,,,,,,
2026-02-06 11:52:40.734,761,2026-02-06 11:52:40.734,9.75919651,,,,,,,,,,,,,,
2026-02-06 11:52:40.834,762,2026-02-06 11:52:40.834,9.7616015,,,,,,,,,,,,,,
2026-02-06 11:52:40.934,763,2026-02-06 11:52:40.934,9.76399483,,,,,,,,,,,,,,
2026-02-06 11:52:41.034,764,2026-02-06 11:52:41.034,9.76638225,,,,,,,,,,,,,,
2026-02-06 11:52:41.134,765,2026-02-06 11:52:41.134,9.76876233,,,,,,,,,,,,,,
2026-02-06 11:52:41.234,766,2026-02-06 11:52:41.234,9.77113013,,,,,,,,,,,,,,
2026-02-06 11:52:41.334,767,2026-02-06 11:52:41.334,9.77349398,,,,,,,,,,,,,,
2026-02-06 11:52:41.483,768,2026-02-06 11:52:41.483,9.77700904,,,,,,,,,,,,,,
2026-02-06 11:52:41.534,769,2026-02-06 11:52:41.534,9.77818411,,,,,,,,,,,,,,
2026-02-06 11:52:41.634,770,2026-02-06 11:52:41.634,9.78051763,,,,,,,,,,,,,,
2026-02-06 11:52:41.734,771,2026-02-06 11:52:41.734,9.78283668,,,,,,,,,,,,,,
2026-02-06 11:52:41.920,772,2026-02-06 11:52:41.920,9.78713237,,,,,,,,,,,,,,
2026-02-06 11:52:41.956,773,2026-02-06 11:52:41.956,9.78797377,,,,,,,,,,,,,,
2026-02-06 11:52:42.045,774,2026-02-06 11:52:42.045,9.79000001,,,,,,,,,,,,,,
2026-02-06 11:52:42.134,775,2026-02-06 11:52:42.134,9.79203985,,,,,,,,,,,,,,
2026-02-06 11:52:42.234,776,2026-02-06 11:52:42.234,9.7943145,,,,,,,,,,,,,,
2026-02-06 11:52:42.334,777,2026-02-06 11:52:42.334,9.79658581,,,,,,,,,,,,,,
2026-02-06 11:52:42.518,778,2026-02-06 11:52:42.518,9.80074843,,,,,,,,,,,,,,
2026-02-06 11:52:42.554,779,2026-02-06 11:52:42.554,9.80156612,,,,,,,,,,,,,,
2026-02-06 11:52:42.634,780,2026-02-06 11:52:42.634,9.80335213,,,,,,,,,,,,,,
2026-02-06 11:52:42.734,781,2026-02-06 11:52:42.734,9.80559093,,,,,,,,,,,,,,
2026-02-06 11:52:42.834,782,2026-02-06 11:52:42.834,9.80781795,,,,,,,,,,,,,,
2026-02-06 11:52:42.976,783,2026-02-06 11:52:42.976,9.81097744,,,,,,,,,,,,,,
2026-02-06 11:52:43.046,784,2026-02-06 11:52:43.046,9.81251512,,,,,,,,,,,,,,
2026-02-06 11:52:43.134,785,2026-02-06 11:52:43.134,9.81446162,,,,,,,,,,,,,,
2026-02-06 11:52:43.234,786,2026-02-06 11:52:43.234,9.81665745,,,,,,,,,,,,,,
2026-02-06 11:52:43.334,787,2026-02-06 11:52:43.334,9.81884509,,,,,,,,,,,,,,
2026-02-06 11:52:43.434,788,2026-02-06 11:52:43.434,9.82102794,,,,,,,,,,,,,,
2026-02-06 11:52:43.571,789,2026-02-06 11:52:43.571,9.8240093,,,,,,,,,,,,,,
2026-02-06 11:52:43.634,790,2026-02-06 11:52:43.634,9.82536417,,,,,,,,,,,,,,
2026-02-06 11:52:43.734,791,2026-02-06 11:52:43.734,9.82751954,,,,,,,,,,,,,,
2026-02-06 11:52:43.834,792,2026-02-06 11:52:43.834,9.82966785,,,,,,,,,,,,,,
2026-02-06 11:52:43.934,793,2026-02-06 11:52:43.934,9.83180223,,,,,,,,,,,,,,
2026-02-06 11:52:44.096,794,2026-02-06 11:52:44.096,9.83526665,,,,,,,,,,,,,,
2026-02-06 11:52:44.134,795,2026-02-06 11:52:44.134,9.83605626,,,,,,,,,,,,,,
2026-02-06 11:52:44.234,796,2026-02-06 11:52:44.234,9.8381679,,,,,,,,,,,,,,
2026-02-06 11:52:44.334,797,2026-02-06 11:52:44.334,9.84027805,,,,,,,,,,,,,,
2026-02-06 11:52:44.434,798,2026-02-06 11:52:44.434,9.84237324,,,,,,,,,,,,,,
2026-02-06 11:52:44.547,799,2026-02-06 11:52:44.547,9.84473427,,,,,,,,,,,,,,
2026-02-06 11:52:44.634,800,2026-02-06 11:52:44.634,9.84654833,,,,,,,,,,,,,,
2026-02-06 11:52:44.734,801,2026-02-06 11:52:44.734,9.84862045,,,,,,,,,,,,,,
2026-02-06 11:52:44.834,802,2026-02-06 11:52:44.834,9.85068881,,,,,,,,,,,,,,
2026-02-06 11:52:44.980,803,2026-02-06 11:52:44.980,9.85368607,,,,,,,,,,,,,,
2026-02-06 11:52:45.034,804,2026-02-06 11:52:45.034,9.85480169,,,,,,,,,,,,,,
2026-02-06 11:52:45.134,805,2026-02-06 11:52:45.134,9.85684774,,,,,,,,,,,,,,
2026-02-06 11:52:45.234,806,2026-02-06 11:52:45.234,9.85888474,,,,,,,,,,,,,,
2026-02-06 11:52:45.334,807,2026-02-06 11:52:45.334,9.86091456,,,,,,,,,,,,,,
2026-02-06 11:52:45.434,808,2026-02-06 11:52:45.434,9.86293724,,,,,,,,,,,,,,
2026-02-06 11:52:45.555,809,2026-02-06 11:52:45.555,9.86536621,,,,,,,,,,,,,,
2026-02-06 11:52:45.634,810,2026-02-06 11:52:45.634,9.86695679,,,,,,,,,,,,,,
2026-02-06 11:52:45.734,811,2026-02-06 11:52:45.734,9.86895243,,,,,,,,,,,,,,
2026-02-06 11:52:45.834,812,2026-02-06 11:52:45.834,9.87094736,,,,,,,,,,,,,,
2026-02-06 11:52:45.934,813,2026-02-06 11:52:45.934,9.87293177,,,,,,,,,,,,,,
2026-02-06 11:52:46.034,814,2026-02-06 11:52:46.034,9.87490478,,,,,,,,,,,,,,
2026-02-06 11:52:46.134,815,2026-02-06 11:52:46.134,9.87687477,,,,,,,,,,,,,,
2026-02-06 11:52:46.234,816,2026-02-06 11:52:46.234,9.87883756,,,,,,,,,,,,,,
2026-02-06 11:52:46.334,817,2026-02-06 11:52:46.334,9.88078754,,,,,,,,,,,,,,
2026-02-06 11:52:46.470,818,2026-02-06 11:52:46.470,9.88343939,,,,,,,,,,,,,,
2026-02-06 11:52:46.605,819,2026-02-06 11:52:46.605,9.88604673,,,,,,,,,,,,,,
2026-02-06 11:52:46.642,820,2026-02-06 11:52:46.642,9.8867498,,,,,,,,,,,,,,
2026-02-06 11:52:46.734,821,2026-02-06 11:52:46.734,9.88851763,,,,,,,,,,,,,,
2026-02-06 11:52:46.834,822,2026-02-06 11:52:46.834,9.89044279,,,,,,,,,,,,,,
2026-02-06 11:52:46.934,823,2026-02-06 11:52:46.934,9.89234375,,,,,,,,,,,,,,
2026-02-06 11:52:47.034,824,2026-02-06 11:52:47.034,9.89424934,,,,,,,,,,,,,,
2026-02-06 11:52:47.134,825,2026-02-06 11:52:47.134,9.89614226,,,,,,,,,,,,,,
2026-02-06 11:52:47.234,826,2026-02-06 11:52:47.234,9.89803047,,,,,,,,,,,,,,
2026-02-06 11:52:47.334,827,2026-02-06 11:52:47.334,9.89991413,,,,,,,,,,,,,,
2026-02-06 11:52:47.454,828,2026-02-06 11:52:47.454,9.90215903,,,,,,,,,,,,,,
2026-02-06 11:52:47.534,829,2026-02-06 11:52:47.534,9.90365869,,,,,,,,,,,,,,
2026-02-06 11:52:47.634,830,2026-02-06 11:52:47.634,9.90551904,,,,,,,,,,,,,,
2026-02-06 11:52:47.734,831,2026-02-06 11:52:47.734,9.90737407,,,,,,,,,,,,,,
2026-02-06 11:52:47.834,832,2026-02-06 11:52:47.834,9.90922314,,,,,,,,,,,,,,
2026-02-06 11:52:47.934,833,2026-02-06 11:52:47.934,9.91106151,,,,,,,,,,,,,,
2026-02-06 11:52:48.078,834,2026-02-06 11:52:48.078,9.9137055,,,,,,,,,,,,,,
2026-02-06 11:52:48.134,835,2026-02-06 11:52:48.134,9.91472045,,,,,,,,,,,,,,
2026-02-06 11:52:48.234,836,2026-02-06 11:52:48.234,9.91653599,,,,,,,,,,,,,,
2026-02-06 11:52:48.334,837,2026-02-06 11:52:48.334,9.91835046,,,,,,,,,,,,,,
2026-02-06 11:52:48.434,838,2026-02-06 11:52:48.434,9.92015911,,,,,,,,,,,,,,
2026-02-06 11:52:48.534,839,2026-02-06 11:52:48.534,9.92195801,,,,,,,,,,,,,,
2026-02-06 11:52:48.634,840,2026-02-06 11:52:48.634,9.92375058,,,,,,,,,,,,,,
2026-02-06 11:52:48.734,841,2026-02-06 11:52:48.734,9.92553519,,,,,,,,,,,,,,
2026-02-06 11:52:48.834,842,2026-02-06 11:52:48.834,9.92731304,,,,,,,,,,,,,,
2026-02-06 11:52:48.996,843,2026-02-06 11:52:48.996,9.93018079,,,,,,,,,,,,,,
2026-02-06 11:52:49.034,844,2026-02-06 11:52:49.034,9.930848,,,,,,,,,,,,,,
2026-02-06 11:52:49.134,845,2026-02-06 11:52:49.134,9.93260751,,,,,,,,,,,,,,
2026-02-06 11:52:49.234,846,2026-02-06 11:52:49.234,9.93436196,,,,,,,,,,,,,,
2026-02-06 11:52:49.334,847,2026-02-06 11:52:49.334,9.93610831,,,,,,,,,,,,,,
2026-02-06 11:52:49.434,848,2026-02-06 11:52:49.434,9.93784606,,,,,,,,,,,,,,
2026-02-06 11:52:49.595,849,2026-02-06 11:52:49.595,9.94063922,,,,,,,,,,,,,,
2026-02-06 11:52:49.634,850,2026-02-06 11:52:49.634,9.94130829,,,,,,,,,,,,,,
2026-02-06 11:52:49.734,851,2026-02-06 11:52:49.734,9.94302987,,,,,,,,,,,,,,
2026-02-06 11:52:49.834,852,2026-02-06 11:52:49.834,9.94474592,,,,,,,,,,,,,,
2026-02-06 11:52:49.934,853,2026-02-06 11:52:49.934,9.94645113,,,,,,,,,,,,,,
2026-02-06 11:52:50.034,854,2026-02-06 11:52:50.034,9.94815459,,,,,,,,,,,,,,
2026-02-06 11:52:50.134,855,2026-02-06 11:52:50.134,9.9498503,,,,,,,,,,,,,,
2026-02-06 11:52:50.234,856,2026-02-06 11:52:50.234,9.95153597,,,,,,,,,,,,,,
2026-02-06 11:52:50.334,857,2026-02-06 11:52:50.334,9.95321865,,,,,,,,,,,,,,
2026-02-06 11:52:50.434,858,2026-02-06 11:52:50.434,9.95489296,,,,,,,,,,,,,,
2026-02-06 11:52:50.572,859,2026-02-06 11:52:50.572,9.95719632,,,,,,,,,,,,,,
2026-02-06 11:52:50.634,860,2026-02-06 11:52:50.634,9.95822584,,,,,,,,,,,,,,
2026-02-06 11:52:50.734,861,2026-02-06 11:52:50.734,9.95988287,,,,,,,,,,,,,,
2026-02-06 11:52:50.834,862,2026-02-06 11:52:50.834,9.96153304,,,,,,,,,,,,,,
2026-02-06 11:52:50.934,863,2026-02-06 11:52:50.934,9.96318055,,,,,,,,,,,,,,
2026-02-06 11:52:51.048,864,2026-02-06 11:52:51.048,9.96504908,,,,,,,,,,,,,,
2026-02-06 11:52:51.134,865,2026-02-06 11:52:51.134,9.96645264,,,,,,,,,,,,,,
2026-02-06 11:52:51.234,866,2026-02-06 11:52:51.234,9.96808904,,,,,,,,,,,,,,
2026-02-06 11:52:51.334,867,2026-02-06 11:52:51.334,9.96970604,,,,,,,,,,,,,,
2026-02-06 11:52:51.434,868,2026-02-06 11:52:51.434,9.97132596,,,,,,,,,,,,,,
2026-02-06 11:52:51.534,869,2026-02-06 11:52:51.534,9.97293578,,,,,,,,,,,,,,
2026-02-06 11:52:51.676,870,2026-02-06 11:52:51.676,9.97520089,,,,,,,,,,,,,,
2026-02-06 11:52:51.734,871,2026-02-06 11:52:51.734,9.97613329,,,,,,,,,,,,,,
2026-02-06 11:52:51.834,872,2026-02-06 11:52:51.834,9.97772915,,,,,,,,,,,,,,
2026-02-06 11:52:51.997,873,2026-02-06 11:52:51.997,9.98029621,,,,,,,,,,,,,,
2026-02-06 11:52:52.034,874,2026-02-06 11:52:52.034,9.9808896,,,,,,,,,,,,,,
2026-02-06 11:52:52.134,875,2026-02-06 11:52:52.134,9.98246061,,,,,,,,,,,,,,
2026-02-06 11:52:52.234,876,2026-02-06 11:52:52.234,9.98402382,,,,,,,,,,,,,,
2026-02-06 11:52:52.334,877,2026-02-06 11:52:52.334,9.98558443,,,,,,,,,,,,,,
2026-02-06 11:52:52.434,878,2026-02-06 11:52:52.434,9.98713352,,,,,,,,,,,,,,
2026-02-06 11:52:52.562,879,2026-02-06 11:52:52.562,9.98911126,,,,,,,,,,,,,,
2026-02-06 11:52:52.634,880,2026-02-06 11:52:52.634,9.99021525,,,,,,,,,,,,,,
2026-02-06 11:52:52.734,881,2026-02-06 11:52:52.734,9.99174928,,,,,,,,,,,,,,
2026-02-06 11:52:52.834,882,2026-02-06 11:52:52.834,9.99327812,,,,,,,,,,,,,,
2026-02-06 11:52:52.934,883,2026-02-06 11:52:52.934,9.99479584,,,,,,,,,,,,,,
2026-02-06 11:52:53.069,884,2026-02-06 11:52:53.069,9.99683658,,,,,,,,,,,,,,
2026-02-06 11:52:53.134,885,2026-02-06 11:52:53.134,9.99782896,,,,,,,,,,,,,,
2026-02-06 11:52:53.234,886,2026-02-06 11:52:53.234,9.99933537,,,,,,,,,,,,,,
2026-02-06 11:52:53.334,887,2026-02-06 11:52:53.334,10.0008351,,,,,,,,,,,,,,
2026-02-06 11:52:53.434,888,2026-02-06 11:52:53.434,10.0023324,,,,,,,,,,,,,,
2026-02-06 11:52:53.594,889,2026-02-06 11:52:53.594,10.0046973,,,,,,,,,,,,,,
2026-02-06 11:52:53.634,890,2026-02-06 11:52:53.634,10.0053026,,,,,,,,,,,,,,
2026-02-06 11:52:53.734,891,2026-02-06 11:52:53.734,10.0067802,,,,,,,,,,,,,,
2026-02-06 11:52:53.834,892,2026-02-06 11:52:53.834,10.0082537,,,,,,,,,,,,,,
2026-02-06 11:52:53.934,893,2026-02-06 11:52:53.934,10.0097175,,,,,,,,,,,,,,
2026-02-06 11:52:54.110,894,2026-02-06 11:52:54.110,10.0122839,,,,,,,,,,,,,,
2026-02-06 11:52:54.147,895,2026-02-06 11:52:54.147,10.0128077,,,,,,,,,,,,,,
2026-02-06 11:52:54.234,896,2026-02-06 11:52:54.234,10.0140857,,,,,,,,,,,,,,
2026-02-06 11:52:54.334,897,2026-02-06 11:52:54.334,10.0155298,,,,,,,,,,,,,,
2026-02-06 11:52:54.434,898,2026-02-06 11:52:54.434,10.0169674,,,,,,,,,,,,,,
2026-02-06 11:52:54.643,899,2026-02-06 11:52:54.643,10.0199564,,,,,,,,,,,,,,
2026-02-06 11:52:54.734,900,2026-02-06 11:52:54.734,10.0212555,,,,,,,,,,,,,,
2026-02-06 11:52:54.834,901,2026-02-06 11:52:54.834,10.0226728,,,,,,,,,,,,,,
2026-02-06 11:52:54.934,902,2026-02-06 11:52:54.934,10.0240846,,,,,,,,,,,,,,
2026-02-06 11:52:55.034,903,2026-02-06 11:52:55.034,10.0254963,,,,,,,,,,,,,,
2026-02-06 11:52:55.134,904,2026-02-06 11:52:55.134,10.0268984,,,,,,,,,,,,,,
2026-02-06 11:52:55.234,905,2026-02-06 11:52:55.234,10.0282958,,,,,,,,,,,,,,
2026-02-06 11:52:55.334,906,2026-02-06 11:52:55.334,10.0296838,,,,,,,,,,,,,,
2026-02-06 11:52:55.434,907,2026-02-06 11:52:55.434,10.0310735,,,,,,,,,,,,,,
2026-02-06 11:52:55.594,908,2026-02-06 11:52:55.594,10.0332801,,,,,,,,,,,,,,
2026-02-06 11:52:55.634,909,2026-02-06 11:52:55.634,10.033833,,,,,,,,,,,,,,
2026-02-06 11:52:55.734,910,2026-02-06 11:52:55.734,10.0352071,,,,,,,,,,,,,,
2026-02-06 11:52:55.834,911,2026-02-06 11:52:55.834,10.0365742,,,,,,,,,,,,,,
2026-02-06 11:52:56.031,912,2026-02-06 11:52:56.031,10.0392473,,,,,,,,,,,,,,
2026-02-06 11:52:56.068,913,2026-02-06 11:52:56.068,10.0397372,,,,,,,,,,,,,,
2026-02-06 11:52:56.134,914,2026-02-06 11:52:56.134,10.040641,,,,,,,,,,,,,,
2026-02-06 11:52:56.235,915,2026-02-06 11:52:56.235,10.0419897,,,,,,,,,,,,,,
2026-02-06 11:52:56.335,916,2026-02-06 11:52:56.335,10.0433281,,,,,,,,,,,,,,
2026-02-06 11:52:56.435,917,2026-02-06 11:52:56.435,10.0446641,,,,,,,,,,,,,,
2026-02-06 11:52:56.579,918,2026-02-06 11:52:56.579,10.0465823,,,,,,,,,,,,,,
2026-02-06 11:52:56.635,919,2026-02-06 11:52:56.635,10.0473194,,,,,,,,,,,,,,
2026-02-06 11:52:56.735,920,2026-02-06 11:52:56.735,10.0486386,,,,,,,,,,,,,,
2026-02-06 11:52:56.835,921,2026-02-06 11:52:56.835,10.0499518,,,,,,,,,,,,,,
2026-02-06 11:52:56.935,922,2026-02-06 11:52:56.935,10.0512612,,,,,,,,,,,,,,
2026-02-06 11:52:57.035,923,2026-02-06 11:52:57.035,10.0525674,,,,,,,,,,,,,,
2026-02-06 11:52:57.218,924,2026-02-06 11:52:57.218,10.0549561,,,,,,,,,,,,,,
2026-02-06 11:52:57.255,925,2026-02-06 11:52:57.255,10.055425,,,,,,,,,,,,,,
2026-02-06 11:52:57.335,926,2026-02-06 11:52:57.335,10.0564605,,,,,,,,,,,,,,
2026-02-06 11:52:57.500,927,2026-02-06 11:52:57.500,10.0585905,,,,,,,,,,,,,,
2026-02-06 11:52:57.542,928,2026-02-06 11:52:57.542,10.0591256,,,,,,,,,,,,,,
2026-02-06 11:52:57.635,929,2026-02-06 11:52:57.635,10.0603074,,,,,,,,,,,,,,
2026-02-06 11:52:57.735,930,2026-02-06 11:52:57.735,10.0615819,,,,,,,,,,,,,,
2026-02-06 11:52:57.835,931,2026-02-06 11:52:57.835,10.0628524,,,,,,,,,,,,,,
2026-02-06 11:52:57.935,932,2026-02-06 11:52:57.935,10.0641151,,,,,,,,,,,,,,
2026-02-06 11:52:58.090,933,2026-02-06 11:52:58.090,10.0660688,,,,,,,,,,,,,,
2026-02-06 11:52:58.135,934,2026-02-06 11:52:58.135,10.0666296,,,,,,,,,,,,,,
2026-02-06 11:52:58.235,935,2026-02-06 11:52:58.235,10.0678785,,,,,,,,,,,,,,
2026-02-06 11:52:58.335,936,2026-02-06 11:52:58.335,10.0691249,,,,,,,,,,,,,,
2026-02-06 11:52:58.435,937,2026-02-06 11:52:58.435,10.0703688,,,,,,,,,,,,,,
2026-02-06 11:52:58.554,938,2026-02-06 11:52:58.554,10.0718507,,,,,,,,,,,,,,
2026-02-06 11:52:58.635,939,2026-02-06 11:52:58.635,10.0728369,,,,,,,,,,,,,,
2026-02-06 11:52:58.735,940,2026-02-06 11:52:58.735,10.0740727,,,,,,,,,,,,,,
2026-02-06 11:52:58.835,941,2026-02-06 11:52:58.835,10.0752901,,,,,,,,,,,,,,
2026-02-06 11:52:58.935,942,2026-02-06 11:52:58.935,10.0765105,,,,,,,,,,,,,,
2026-02-06 11:52:59.035,943,2026-02-06 11:52:59.035,10.0777307,,,,,,,,,,,,,,
2026-02-06 11:52:59.152,944,2026-02-06 11:52:59.152,10.0791454,,,,,,,,,,,,,,
2026-02-06 11:52:59.235,945,2026-02-06 11:52:59.235,10.0801455,,,,,,,,,,,,,,
2026-02-06 11:52:59.335,946,2026-02-06 11:52:59.335,10.0813465,,,,,,,,,,,,,,
2026-02-06 11:52:59.435,947,2026-02-06 11:52:59.435,10.0825446,,,,,,,,,,,,,,
2026-02-06 11:52:59.535,948,2026-02-06 11:52:59.535,10.0837399,,,,,,,,,,,,,,
2026-02-06 11:52:59.678,949,2026-02-06 11:52:59.678,10.0854445,,,,,,,,,,,,,,
2026-02-06 11:52:59.735,950,2026-02-06 11:52:59.735,10.0861116,,,,,,,,,,,,,,
2026-02-06 11:52:59.835,951,2026-02-06 11:52:59.835,10.0872932,,,,,,,,,,,,,,
2026-02-06 11:52:59.935,952,2026-02-06 11:52:59.935,10.0884674,,,,,,,,,,,,,,
2026-02-06 11:53:00.035,953,2026-02-06 11:53:00.035,10.0896406,,,,,,,,,,,,,,
2026-02-06 11:53:00.203,954,2026-02-06 11:53:00.203,10.0916079,,,,,,,,,,,,,,
2026-02-06 11:53:00.240,955,2026-02-06 11:53:00.240,10.0920338,,,,,,,,,,,,,,
2026-02-06 11:53:00.335,956,2026-02-06 11:53:00.335,10.0931324,,,,,,,,,,,,,,
2026-02-06 11:53:00.435,957,2026-02-06 11:53:00.435,10.094282,,,,,,,,,,,,,,
2026-02-06 11:53:00.535,958,2026-02-06 11:53:00.535,10.0954358,,,,,,,,,,,,,,
2026-02-06 11:53:00.674,959,2026-02-06 11:53:00.674,10.0970296,,,,,,,,,,,,,,
2026-02-06 11:53:00.735,960,2026-02-06 11:53:00.735,10.0977222,,,,,,,,,,,,,,
2026-02-06 11:53:00.835,961,2026-02-06 11:53:00.835,10.098854,,,,,,,,,,,,,,
2026-02-06 11:53:00.935,962,2026-02-06 11:53:00.935,10.09999,,,,,,,,,,,,,,
2026-02-06 11:53:01.035,963,2026-02-06 11:53:01.035,10.1011201,,,,,,,,,,,,,,
2026-02-06 11:53:01.199,964,2026-02-06 11:53:01.199,10.1029638,,,,,,,,,,,,,,
2026-02-06 11:53:01.236,965,2026-02-06 11:53:01.236,10.1033747,,,,,,,,,,,,,,
2026-02-06 11:53:01.335,966,2026-02-06 11:53:01.335,10.1044782,,,,,,,,,,,,,,
2026-02-06 11:53:01.435,967,2026-02-06 11:53:01.435,10.1055907,,,,,,,,,,,,,,
2026-02-06 11:53:01.535,968,2026-02-06 11:53:01.535,10.1066972,,,,,,,,,,,,,,
2026-02-06 11:53:01.663,969,2026-02-06 11:53:01.663,10.1081094,,,,,,,,,,,,,,
2026-02-06 11:53:01.735,970,2026-02-06 11:53:01.735,10.1088982,,,,,,,,,,,,,,
2026-02-06 11:53:01.835,971,2026-02-06 11:53:01.835,10.1099948,,,,,,,,,,,,,,
2026-02-06 11:53:01.935,972,2026-02-06 11:53:01.935,10.1110848,,,,,,,,,,,,,,
2026-02-06 11:53:02.035,973,2026-02-06 11:53:02.035,10.1121727,,,,,,,,,,,,,,
2026-02-06 11:53:02.184,974,2026-02-06 11:53:02.184,10.1137904,,,,,,,,,,,,,,
2026-02-06 11:53:02.235,975,2026-02-06 11:53:02.235,10.1143364,,,,,,,,,,,,,,
2026-02-06 11:53:02.335,976,2026-02-06 11:53:02.335,10.1154126,,,,,,,,,,,,,,
2026-02-06 11:53:02.435,977,2026-02-06 11:53:02.435,10.1164872,,,,,,,,,,,,,,
2026-02-06 11:53:02.535,978,2026-02-06 11:53:02.535,10.1175561,,,,,,,,,,,,,,
2026-02-06 11:53:02.635,979,2026-02-06 11:53:02.635,10.1186199,,,,,,,,,,,,,,
2026-02-06 11:53:02.764,980,2026-02-06 11:53:02.764,10.1199895,,,,,,,,,,,,,,
2026-02-06 11:53:02.835,981,2026-02-06 11:53:02.835,10.1207389,,,,,,,,,,,,,,
2026-02-06 11:53:02.935,982,2026-02-06 11:53:02.935,10.1217894,,,,,,,,,,,,,,
2026-02-06 11:53:03.035,983,2026-02-06 11:53:03.035,10.1228388,,,,,,,,,,,,,,
2026-02-06 11:53:03.135,984,2026-02-06 11:53:03.135,10.1238829,,,,,,,,,,,,,,
2026-02-06 11:53:03.235,985,2026-02-06 11:53:03.235,10.1249259,,,,,,,,,,,,,,
2026-02-06 11:53:03.335,986,2026-02-06 11:53:03.335,10.125963,,,,,,,,,,,,,,
2026-02-06 11:53:03.435,987,2026-02-06 11:53:03.435,10.1269832,,,,,,,,,,,,,,
2026-02-06 11:53:03.535,988,2026-02-06 11:53:03.535,10.1279943,,,,,,,,,,,,,,
2026-02-06 11:53:03.730,989,2026-02-06 11:53:03.730,10.1299599,,,,,,,,,,,,,,
2026-02-06 11:53:03.819,990,2026-02-06 11:53:03.819,10.1308489,,,,,,,,,,,,,,
2026-02-06 11:53:03.855,991,2026-02-06 11:53:03.855,10.1312131,,,,,,,,,,,,,,
2026-02-06 11:53:03.935,992,2026-02-06 11:53:03.935,10.1316751,,,,,,,,,,,,,,
2026-02-06 11:53:04.035,993,2026-02-06 11:53:04.035,10.1314856,,,,,,,,,,,,,,
2026-02-06 11:53:04.185,994,2026-02-06 11:53:04.185,10.1312216,,,,,,,,,,,,,,
2026-02-06 11:53:04.235,995,2026-02-06 11:53:04.235,10.1311413,,,,,,,,,,,,,,
2026-02-06 11:53:04.335,996,2026-02-06 11:53:04.335,10.1309745,,,,,,,,,,,,,,
2026-02-06 11:53:04.435,997,2026-02-06 11:53:04.435,10.1308106,,,,,,,,,,,,,,
2026-02-06 11:53:04.535,998,2026-02-06 11:53:04.535,10.1306521,,,,,,,,,,,,,,
2026-02-06 11:53:04.635,999,2026-02-06 11:53:04.635,10.1304934,,,,,,,,,,,,,,
2026-02-06 11:53:04.735,1000,2026-02-06 11:53:04.735,10.1303358,,,,,,,,,,,,,,
2026-02-06 11:53:04.835,1001,2026-02-06 11:53:04.835,10.1301868,,,,,,,,,,,,,,
2026-02-06 11:53:04.935,1002,2026-02-06 11:53:04.935,10.1300285,,,,,,,,,,,,,,
2026-02-06 11:53:05.035,1003,2026-02-06 11:53:05.035,10.1298815,,,,,,,,,,,,,,
2026-02-06 11:53:05.195,1004,2026-02-06 11:53:05.195,10.1296392,,,,,,,,,,,,,,
2026-02-06 11:53:05.235,1005,2026-02-06 11:53:05.235,10.1295764,,,,,,,,,,,,,,
2026-02-06 11:53:05.335,1006,2026-02-06 11:53:05.335,10.1294344,,,,,,,,,,,,,,
2026-02-06 11:53:05.458,1007,2026-02-06 11:53:05.458,10.1292531,,,,,,,,,,,,,,
2026-02-06 11:53:05.535,1008,2026-02-06 11:53:05.535,10.1291408,,,,,,,,,,,,,,
2026-02-06 11:53:05.635,1009,2026-02-06 11:53:05.635,10.128998,,,,,,,,,,,,,,
2026-02-06 11:53:05.735,1010,2026-02-06 11:53:05.735,10.1288522,,,,,,,,,,,,,,
